unit,theme,词类,词,pinyin,例句
1,身份·人称·数,代词,我,wǒ,我先走了，再见。
1,身份·人称·数,代词,你,nǐ,你想喝点什么？
1,身份·人称·数,代词,您,nín,您慢走，欢迎再来。
1,身份·人称·数,代词,他,tā,他是我的中文老师。
1,身份·人称·数,代词,她,tā,她在葡萄牙工作。
1,身份·人称·数,代词,它,tā,小猫饿了，它一直叫。
1,身份·人称·数,代词,我们,wǒmen,我们一起去吃饭吧。
1,身份·人称·数,代词,你们,nǐmen,你们是从哪里来的？
1,身份·人称·数,代词,他们,tāmen,他们都会说英语。
1,身份·人称·数,代词,自己,zìjǐ,这是我自己做的蛋糕。
1,身份·人称·数,代词,大家,dàjiā,大家好，请坐。
1,身份·人称·数,代词,别人,biéren,别拿别人的东西。
1,身份·人称·数,代词,这,zhè,这是我的行李。
1,身份·人称·数,代词,那,nà,那是谁的手机？
1,身份·人称·数,代词,谁,shéi,门口站着的人是谁？
1,身份·人称·数,代词,什么,shénme,你周末想做什么？
1,身份·人称·数,代词,哪,nǎ,你喜欢哪件衣服？
1,身份·人称·数,代词,哪儿,nǎr,洗手间在哪儿？
1,身份·人称·数,数词,一,yī,我要一杯咖啡。
1,身份·人称·数,数词,二,èr,请到二楼等我。
1,身份·人称·数,数词,三,sān,我们三点见面。
1,身份·人称·数,数词,四,sì,他家有四口人。
1,身份·人称·数,数词,五,wǔ,现在是下午五点。
1,身份·人称·数,数词,六,liù,我六月去里斯本。
1,身份·人称·数,数词,七,qī,一个星期有七天。
1,身份·人称·数,数词,八,bā,我晚上八点到家。
1,身份·人称·数,数词,九,jiǔ,他儿子今年九岁。
1,身份·人称·数,数词,十,shí,他这次考了第十名。
1,身份·人称·数,数词,百,bǎi,这里能坐一百个人。
1,身份·人称·数,数词,千,qiān,这台电脑八千块。
1,身份·人称·数,数词,万,wàn,这辆车要十万。
1,身份·人称·数,数词,亿,yì,中国有十四亿人。
1,身份·人称·数,数词,零,líng,我的房间号是三零五。
1,身份·人称·数,数词,两,liǎng,我买了两张票。
1,身份·人称·数,数词,半,bàn,我们十点半出发。
1,身份·人称·数,量词,个,gè,我有三个问题。
1,身份·人称·数,量词,些,xiē,冰箱里还有一些水果。
1,身份·人称·数,量词,位,wèi,这位是我们的新同事。
1,身份·人称·数,量词,名,míng,我们班有二十名学生。
1,身份·人称·数,量词,次,cì,我去过一次北京。
1,身份·人称·数,量词,回,huí,这是我第一回坐飞机。
1,身份·人称·数,量词,遍,biàn,请再说一遍。
1,身份·人称·数,动词,是,shì,他是葡萄牙人。
1,身份·人称·数,动词,有,yǒu,我有两个妹妹。
1,身份·人称·数,动词,在,zài,我爸妈都在上海。
1,身份·人称·数,动词,叫,jiào,我叫王明。
1,身份·人称·数,动词,姓,xìng,我姓李，你呢？
1,身份·人称·数,动词,住,zhù,我住在波尔图。
1,身份·人称·数,动词,出生,chūshēng,我1990年出生在广州。
1,身份·人称·数,动词,长大,zhǎngdà,我在海边的小城长大。
1,身份·人称·数,动词,来自,láizì,她来自法国。
1,身份·人称·数,名词,名字,míngzi,你的名字很好听。
1,身份·人称·数,名词,人,rén,车上人太多了。
1,身份·人称·数,名词,国家,guójiā,你去过哪些国家？
1,身份·人称·数,名词,国籍,guójí,请写一下您的国籍。
1,身份·人称·数,名词,家乡,jiāxiāng,我的家乡在南方。
1,身份·人称·数,名词,老家,lǎojiā,过年我要回老家。
1,身份·人称·数,名词,护照,hùzhào,我的护照下个月到期。
1,身份·人称·数,名词,签证,qiānzhèng,我在办去美国的签证。
1,身份·人称·数,名词,身份证,shēnfènzhèng,买火车票要带身份证。
1,身份·人称·数,名词,外国人,wàiguórén,这里有很多外国人。
1,身份·人称·数,名词,中国人,zhōngguórén,那家店的老板是中国人。
1,身份·人称·数,名词,欧洲人,ōuzhōurén,很多欧洲人喜欢喝咖啡。
1,身份·人称·数,名词,美国人,měiguórén,我的邻居是美国人。
1,身份·人称·数,名词,华人,huárén,这个城市有不少华人。
1,身份·人称·数,名词,移民,yímín,他们十年前移民到了加拿大。
1,身份·人称·数,名词,游客,yóukè,夏天这里游客特别多。
1,身份·人称·数,名词,留学生,liúxuéshēng,她是来自韩国的留学生。
1,身份·人称·数,名词,身份,shēnfèn,他的身份是记者。
1,身份·人称·数,动词,旅游,lǚyóu,我们打算去意大利旅游。
1,身份·人称·数,动词,旅行,lǚxíng,一个人旅行很自由。
1,身份·人称·数,动词,出国,chūguó,他明年想出国读书。
1,身份·人称·数,动词,回国,huíguó,她下星期回国看父母。
1,身份·人称·数,动词,搬家,bānjiā,我们上个月刚搬家。
1,身份·人称·数,动词,定居,dìngjū,他们决定在里斯本定居。
2,家庭·关系,名词,爸爸,bàba,我爸爸会做很多菜。
2,家庭·关系,名词,妈妈,māma,妈妈每天送我上学。
2,家庭·关系,名词,爷爷,yéye,爷爷喜欢早上散步。
2,家庭·关系,名词,奶奶,nǎinai,奶奶做的饺子最好吃。
2,家庭·关系,名词,外公,wàigōng,外公教我下棋。
2,家庭·关系,名词,外婆,wàipó,外婆住在乡下。
2,家庭·关系,名词,哥哥,gēge,我哥哥比我高。
2,家庭·关系,名词,姐姐,jiějie,姐姐在医院当护士。
2,家庭·关系,名词,弟弟,dìdi,弟弟今年上小学。
2,家庭·关系,名词,妹妹,mèimei,妹妹喜欢画画。
2,家庭·关系,名词,儿子,érzi,他儿子会说三种语言。
2,家庭·关系,名词,女儿,nǚ'ér,我女儿刚学会走路。
2,家庭·关系,名词,丈夫,zhàngfu,她丈夫是工程师。
2,家庭·关系,名词,妻子,qīzi,他和妻子一起开店。
2,家庭·关系,名词,老公,lǎogōng,我老公不爱吃辣。
2,家庭·关系,名词,老婆,lǎopó,他给老婆买了花。
2,家庭·关系,名词,家人,jiārén,周末我想多陪陪家人。
2,家庭·关系,名词,家庭,jiātíng,她有一个幸福的家庭。
2,家庭·关系,名词,亲戚,qīnqi,春节我们去亲戚家吃饭。
2,家庭·关系,名词,叔叔,shūshu,叔叔送了我一辆自行车。
2,家庭·关系,名词,阿姨,āyí,楼下的阿姨人很好。
2,家庭·关系,名词,大人,dàren,这部电影大人小孩都爱看。
2,家庭·关系,名词,小孩,xiǎohái,公园里有很多小孩在玩。
2,家庭·关系,名词,宝宝,bǎobao,宝宝睡着了，小声一点。
2,家庭·关系,名词,夫妻,fūqī,这对夫妻结婚二十年了。
2,家庭·关系,名词,老人,lǎorén,请给老人让个座。
2,家庭·关系,名词,年轻人,niánqīngrén,现在的年轻人喜欢点外卖。
2,家庭·关系,名词,邻居,línjū,我们和邻居关系很好。
2,家庭·关系,名词,同学,tóngxué,我和老同学吃了个饭。
2,家庭·关系,名词,同事,tóngshì,同事们都很热心。
2,家庭·关系,名词,老师,lǎoshī,老师让我们多练口语。
2,家庭·关系,名词,领导,lǐngdǎo,领导今天不在办公室。
2,家庭·关系,名词,老板,lǎobǎn,老板同意给我加工资了。
2,家庭·关系,名词,朋友,péngyou,好朋友要互相帮助。
2,家庭·关系,名词,男朋友,nánpéngyou,她男朋友很会做饭。
2,家庭·关系,名词,女朋友,nǚpéngyou,他送女朋友回家了。
2,家庭·关系,动词,爱,ài,我很爱我的家人。
2,家庭·关系,动词,喜欢,xǐhuan,我特别喜欢秋天。
2,家庭·关系,动词,照顾,zhàogù,谢谢你照顾我的猫。
2,家庭·关系,动词,关心,guānxīn,妈妈总是关心我的身体。
2,家庭·关系,动词,结婚,jiéhūn,他们打算明年结婚。
2,家庭·关系,动词,离婚,líhūn,他们去年离婚了。
2,家庭·关系,动词,认识,rènshi,很高兴认识你。
2,家庭·关系,动词,帮忙,bāngmáng,需要我帮忙吗？
2,家庭·关系,动词,陪,péi,晚上我陪你去医院。
2,家庭·关系,动词,想念,xiǎngniàn,我很想念家乡的味道。
2,家庭·关系,形容词,亲,qīn,她和外婆最亲。
2,家庭·关系,形容词,熟,shú,我们俩很熟，别客气。
2,家庭·关系,形容词,年轻,niánqīng,你看起来真年轻。
2,家庭·关系,形容词,可爱,kě'ài,这只小狗太可爱了。
2,家庭·关系,形容词,好,hǎo,这里的咖啡真好喝。
2,家庭·关系,形容词,单身,dānshēn,他现在还是单身。
3,身体·健康,名词,头,tóu,我头有点疼。
3,身体·健康,名词,脸,liǎn,她的脸红了。
3,身体·健康,名词,眼睛,yǎnjing,看书太久，眼睛很累。
3,身体·健康,名词,鼻子,bízi,感冒了，鼻子不通气。
3,身体·健康,名词,嘴,zuǐ,他嘴里吃着东西，说不了话。
3,身体·健康,名词,耳朵,ěrduo,兔子的耳朵长长的。
3,身体·健康,名词,牙,yá,我一颗牙坏了，得去看牙医。
3,身体·健康,名词,舌头,shétou,汤太烫，烫到舌头了。
3,身体·健康,名词,脖子,bózi,坐久了，脖子很酸。
3,身体·健康,名词,肩膀,jiānbǎng,他拍了拍我的肩膀。
3,身体·健康,名词,手,shǒu,吃饭前要洗手。
3,身体·健康,名词,手指,shǒuzhǐ,她的手指又细又长。
3,身体·健康,名词,胳膊,gēbo,我打球伤了胳膊。
3,身体·健康,名词,腿,tuǐ,走了一天，腿都软了。
3,身体·健康,名词,脚,jiǎo,这双鞋有点挤脚。
3,身体·健康,名词,肚子,dùzi,我肚子饿得咕咕叫。
3,身体·健康,名词,背,bèi,他的背晒黑了。
3,身体·健康,名词,腰,yāo,搬东西的时候小心腰。
3,身体·健康,名词,心,xīn,听到这个消息，我心里很难受。
3,身体·健康,名词,皮肤,pífū,冬天皮肤容易干。
3,身体·健康,名词,头发,tóufa,她剪短了头发。
3,身体·健康,名词,血,xuè,手指破了，流了一点血。
3,身体·健康,名词,骨头,gǔtou,狗最爱啃骨头。
3,身体·健康,名词,身体,shēntǐ,爷爷的身体一直不错。
3,身体·健康,名词,个子,gèzi,他个子高，坐后排吧。
3,身体·健康,名词,力气,lìqi,这箱子太重，我没力气搬。
3,身体·健康,名词,病,bìng,他的病已经好了。
3,身体·健康,名词,感冒,gǎnmào,天冷了，小心感冒。
3,身体·健康,名词,药,yào,这个药一天吃三次。
3,身体·健康,名词,医院,yīyuàn,医院就在地铁站旁边。
3,身体·健康,名词,医生,yīshēng,医生让我多喝水。
3,身体·健康,名词,护士,hùshi,护士帮我量了体温。
3,身体·健康,名词,精神,jīngshén,睡了个好觉，今天精神很好。
3,身体·健康,名词,命,mìng,医生救了他的命。
3,身体·健康,名词,气,qì,他跑上五楼，喘不过气。
3,身体·健康,名词,汗,hàn,他跑完步，满头是汗。
3,身体·健康,名词,病人,bìngrén,这位病人需要休息。
3,身体·健康,名词,体检,tǐjiǎn,公司每年安排一次体检。
3,身体·健康,名词,口罩,kǒuzhào,医院里要戴口罩。
3,身体·健康,动词,睡,shuì,昨晚我十一点才睡。
3,身体·健康,动词,醒,xǐng,我今天六点就醒了。
3,身体·健康,动词,休息,xiūxi,累了就休息一会儿。
3,身体·健康,动词,生病,shēngbìng,他生病了，今天不来上课。
3,身体·健康,动词,看病,kànbìng,网上也可以预约看病。
3,身体·健康,动词,咳嗽,késou,他咳嗽了一整夜。
3,身体·健康,动词,发烧,fāshāo,孩子发烧了，快带他去医院。
3,身体·健康,动词,受伤,shòushāng,踢球的时候他受伤了。
3,身体·健康,动词,洗澡,xǐzǎo,我习惯晚上洗澡。
3,身体·健康,动词,刷牙,shuāyá,睡前别忘了刷牙。
3,身体·健康,动词,运动,yùndòng,每周运动三次对身体好。
3,身体·健康,动词,锻炼,duànliàn,爷爷每天早上去公园锻炼。
3,身体·健康,动词,长,zhǎng,这孩子长得像妈妈。
3,身体·健康,动词,健身,jiànshēn,他下班后去健身房健身。
3,身体·健康,形容词,疼,téng,牙疼起来吃不下饭。
3,身体·健康,形容词,累,lèi,今天开了一天会，好累。
3,身体·健康,形容词,困,kùn,中午不睡，下午就困。
3,身体·健康,形容词,饿,è,我饿了，先吃点东西吧。
3,身体·健康,形容词,渴,kě,跑完步特别渴。
3,身体·健康,形容词,饱,bǎo,我吃饱了，你们慢用。
3,身体·健康,形容词,舒服,shūfu,这张沙发坐着真舒服。
3,身体·健康,形容词,健康,jiànkāng,祝你身体健康。
3,身体·健康,形容词,胖,pàng,假期一过，我又胖了。
3,身体·健康,形容词,瘦,shòu,她最近瘦了很多。
3,身体·健康,形容词,高,gāo,那栋楼真高。
3,身体·健康,形容词,矮,ǎi,我比哥哥矮一点。
3,身体·健康,形容词,壮,zhuàng,他天天锻炼，身体很壮。
3,身体·健康,形容词,难受,nánshòu,晕车的感觉很难受。
4,饮食,名词,饭,fàn,饭好了，快来吃。
4,饮食,名词,米饭,mǐfàn,再来一碗米饭。
4,饮食,名词,面,miàn,我中午吃了一碗牛肉面。
4,饮食,名词,面条,miàntiáo,妈妈煮的面条特别香。
4,饮食,名词,菜,cài,今天的菜有点咸。
4,饮食,名词,肉,ròu,他不吃肉，只吃素。
4,饮食,名词,鱼,yú,这条鱼很新鲜。
4,饮食,名词,鸡,jī,外婆养了几只鸡。
4,饮食,名词,鸡蛋,jīdàn,我早上吃了两个鸡蛋。
4,饮食,名词,猪肉,zhūròu,猪肉最近涨价了。
4,饮食,名词,牛肉,niúròu,这家店的牛肉很嫩。
4,饮食,名词,羊肉,yángròu,冬天吃羊肉火锅最舒服。
4,饮食,名词,虾,xiā,我对虾过敏。
4,饮食,名词,青菜,qīngcài,多吃点青菜吧。
4,饮食,名词,蔬菜,shūcài,市场的蔬菜很便宜。
4,饮食,名词,水果,shuǐguǒ,饭后吃点水果。
4,饮食,名词,苹果,píngguǒ,这个苹果很脆。
4,饮食,名词,香蕉,xiāngjiāo,香蕉熟得太快了。
4,饮食,名词,橘子,júzi,橘子有点酸。
4,饮食,名词,西瓜,xīguā,夏天就要吃冰西瓜。
4,饮食,名词,葡萄,pútao,这串葡萄真甜。
4,饮食,名词,汤,tāng,先喝口汤吧。
4,饮食,名词,粥,zhōu,生病的时候喝点粥。
4,饮食,名词,包子,bāozi,早上我买了两个肉包子。
4,饮食,名词,饺子,jiǎozi,过年全家一起包饺子。
4,饮食,名词,馒头,mántou,北方人爱吃馒头。
4,饮食,名词,面包,miànbāo,面包刚烤好，还热着呢。
4,饮食,名词,蛋糕,dàngāo,生日蛋糕上有草莓。
4,饮食,名词,糖,táng,咖啡里要加糖吗？
4,饮食,名词,盐,yán,汤里盐放多了。
4,饮食,名词,油,yóu,少放点油更健康。
4,饮食,名词,酱油,jiàngyóu,蘸一点酱油更好吃。
4,饮食,名词,醋,cù,吃饺子我喜欢加醋。
4,饮食,名词,水,shuǐ,请给我一杯水。
4,饮食,名词,茶,chá,我爸爱喝绿茶。
4,饮食,名词,咖啡,kāfēi,早上不喝咖啡我没精神。
4,饮食,名词,牛奶,niúnǎi,睡前喝杯牛奶。
4,饮食,名词,果汁,guǒzhī,这杯果汁是鲜榨的。
4,饮食,名词,酒,jiǔ,开车不能喝酒。
4,饮食,名词,啤酒,píjiǔ,天热来杯冰啤酒。
4,饮食,名词,饮料,yǐnliào,少喝甜饮料。
4,饮食,名词,味道,wèidào,这道菜味道不错。
4,饮食,名词,早餐,zǎocān,早餐一定要吃好。
4,饮食,名词,午餐,wǔcān,我们午餐吃什么？
4,饮食,名词,晚餐,wǎncān,今天的晚餐我来做。
4,饮食,名词,零食,língshí,看电影少不了零食。
4,饮食,名词,餐厅,cāntīng,这家餐厅要排队。
4,饮食,名词,饭店,fàndiàn,楼下新开了一家饭店。
4,饮食,名词,食堂,shítáng,学校食堂的菜挺便宜。
4,饮食,名词,厨房,chúfáng,厨房里飘出香味。
4,饮食,名词,外卖,wàimài,下雨天我们点外卖吧。
4,饮食,动词,吃,chī,你早饭吃了吗？
4,饮食,动词,喝,hē,天热要多喝水。
4,饮食,动词,尝,cháng,你尝尝这个汤。
4,饮食,动词,做饭,zuòfàn,今天轮到我做饭。
4,饮食,动词,煮,zhǔ,我去煮点面。
4,饮食,动词,炒,chǎo,这个菜要大火快炒。
4,饮食,动词,蒸,zhēng,鱼蒸十分钟就熟了。
4,饮食,动词,烤,kǎo,周末我们烤肉吧。
4,饮食,动词,切,qiē,小心别切到手。
4,饮食,动词,点,diǎn,你来点菜吧。
4,饮食,动词,请客,qǐngkè,今天我请客，随便点。
4,饮食,量词,杯,bēi,请来两杯咖啡。
4,饮食,量词,碗,wǎn,我能再来一碗吗？
4,饮食,量词,盘,pán,桌上有一盘水果。
4,饮食,量词,瓶,píng,买一瓶矿泉水。
4,饮食,量词,份,fèn,我们要了两份炒饭。
4,饮食,量词,片,piàn,面包上放两片火腿。
4,饮食,量词,口,kǒu,我就尝了一口。
4,饮食,量词,顿,dùn,我们好好吃一顿吧。
4,饮食,形容词,甜,tián,这个西瓜真甜。
4,饮食,形容词,咸,xián,火腿有点咸。
4,饮食,形容词,辣,là,四川菜太辣了。
4,饮食,形容词,酸,suān,柠檬特别酸。
4,饮食,形容词,苦,kǔ,这个药有点苦。
4,饮食,形容词,香,xiāng,米饭闻起来真香。
4,饮食,形容词,好吃,hǎochī,你做的菜真好吃。
4,饮食,形容词,新鲜,xīnxiān,早市的鱼最新鲜。
4,饮食,形容词,烫,tàng,小心，汤很烫。
5,居家·物品,名词,家,jiā,我到家了，你放心吧。
5,居家·物品,名词,房子,fángzi,他们在看新房子。
5,居家·物品,名词,房间,fángjiān,我的房间朝南，很亮。
5,居家·物品,名词,屋子,wūzi,屋子里暖和多了。
5,居家·物品,名词,门,mén,出门记得锁门。
5,居家·物品,名词,窗户,chuānghu,打开窗户透透气。
5,居家·物品,名词,墙,qiáng,墙上挂着全家福。
5,居家·物品,名词,楼,lóu,我住在五楼。
5,居家·物品,名词,楼梯,lóutī,电梯坏了，走楼梯吧。
5,居家·物品,名词,客厅,kètīng,客人都坐在客厅里。
5,居家·物品,名词,卧室,wòshì,卧室里只有一张床。
5,居家·物品,名词,厕所,cèsuǒ,请问厕所怎么走？
5,居家·物品,名词,卫生间,wèishēngjiān,卫生间刚打扫过。
5,居家·物品,名词,床,chuáng,这张床太软了。
5,居家·物品,名词,桌子,zhuōzi,把书放在桌子上吧。
5,居家·物品,名词,椅子,yǐzi,这把椅子有点晃。
5,居家·物品,名词,沙发,shāfā,猫在沙发上睡觉。
5,居家·物品,名词,柜子,guìzi,碗都在柜子里。
5,居家·物品,名词,灯,dēng,出门前记得关灯。
5,居家·物品,名词,电视,diànshì,爷爷在看电视新闻。
5,居家·物品,名词,冰箱,bīngxiāng,冰箱里还有西瓜。
5,居家·物品,名词,空调,kōngtiáo,太热了，开空调吧。
5,居家·物品,名词,洗衣机,xǐyījī,洗衣机响了，衣服洗好了。
5,居家·物品,名词,钟,zhōng,墙上的钟慢了五分钟。
5,居家·物品,名词,表,biǎo,他的表是爷爷留下的。
5,居家·物品,名词,镜子,jìngzi,她照着镜子试帽子。
5,居家·物品,名词,毛巾,máojīn,用干净的毛巾擦手。
5,居家·物品,名词,牙刷,yáshuā,我的牙刷该换了。
5,居家·物品,名词,肥皂,féizào,用肥皂好好洗手。
5,居家·物品,名词,被子,bèizi,天冷了，换厚被子吧。
5,居家·物品,名词,枕头,zhěntou,这个枕头太高了。
5,居家·物品,名词,刀,dāo,这把刀不太快了。
5,居家·物品,名词,勺子,sháozi,宝宝会自己用勺子了。
5,居家·物品,名词,筷子,kuàizi,你会用筷子吗？
5,居家·物品,名词,盘子,pánzi,盘子洗好了放在架子上。
5,居家·物品,名词,杯子,bēizi,我的杯子是蓝色的。
5,居家·物品,名词,瓶子,píngzi,空瓶子可以回收。
5,居家·物品,名词,锅,guō,锅里还热着菜呢。
5,居家·物品,名词,垃圾,lājī,出门时顺便扔垃圾。
5,居家·物品,名词,纸,zhǐ,桌上有纸和笔。
5,居家·物品,名词,笔,bǐ,我的笔没水了。
5,居家·物品,名词,书,shū,这本书我看了两遍。
5,居家·物品,名词,钥匙,yàoshi,糟糕，钥匙忘在家里了。
5,居家·物品,名词,锁,suǒ,这个锁有点难开。
5,居家·物品,名词,电脑,diànnǎo,我的电脑需要更新了。
5,居家·物品,名词,手机,shǒujī,手机快没电了。
5,居家·物品,名词,充电器,chōngdiànqì,你带充电器了吗？
5,居家·物品,名词,插座,chāzuò,沙发旁边有个插座。
5,居家·物品,动词,用,yòng,这个词怎么用？
5,居家·物品,动词,放,fàng,牛奶放冰箱里了。
5,居家·物品,动词,拿,ná,帮我拿一下快递。
5,居家·物品,动词,收拾,shōushi,出发前把行李收拾好。
5,居家·物品,动词,打扫,dǎsǎo,周末我要打扫房间。
5,居家·物品,动词,扫,sǎo,我先扫一下地。
5,居家·物品,动词,擦,cā,把桌子擦干净。
5,居家·物品,动词,洗,xǐ,这件衣服要用手洗。
5,居家·物品,动词,修,xiū,我的自行车该修了。
5,居家·物品,动词,开,kāi,帮我开一下门。
5,居家·物品,动词,关,guān,睡觉前把窗户关好。
5,居家·物品,动词,搬,bān,我们把沙发搬到窗边吧。
5,居家·物品,动词,丢,diū,我的伞丢在地铁上了。
5,居家·物品,动词,找,zhǎo,我在找我的眼镜。
5,居家·物品,量词,张,zhāng,请给我一张纸。
5,居家·物品,量词,把,bǎ,家里有三把伞。
5,居家·物品,量词,件,jiàn,她买了一件新外套。
5,居家·物品,量词,台,tái,客厅里有一台电视。
5,居家·物品,量词,部,bù,他换了一部新手机。
5,居家·物品,量词,间,jiān,这套房子有三间卧室。
5,居家·物品,形容词,干净,gānjìng,地板擦得很干净。
5,居家·物品,形容词,脏,zāng,鞋子踩得很脏。
5,居家·物品,形容词,乱,luàn,桌子上乱七八糟的。
5,居家·物品,形容词,整齐,zhěngqí,书架上的书摆得很整齐。
5,居家·物品,形容词,新,xīn,他穿了一双新鞋。
5,居家·物品,形容词,旧,jiù,这台洗衣机太旧了。
5,居家·物品,形容词,空,kōng,瓶子已经空了。
5,居家·物品,形容词,满,mǎn,冰箱塞得满满的。
5,居家·物品,形容词,亮,liàng,这盏灯很亮。
5,居家·物品,形容词,暗,àn,屋里太暗，开灯吧。
5,居家·物品,形容词,软,ruǎn,这个枕头很软。
5,居家·物品,形容词,硬,yìng,这个面包放硬了。
6,衣着·外貌,名词,衣服,yīfu,换季了，该买衣服了。
6,衣着·外貌,名词,裤子,kùzi,这条裤子有点长。
6,衣着·外貌,名词,裙子,qúnzi,她穿裙子很好看。
6,衣着·外貌,名词,鞋,xié,新鞋有点磨脚。
6,衣着·外貌,名词,袜子,wàzi,我找不到另一只袜子。
6,衣着·外貌,名词,帽子,màozi,太阳大，戴上帽子吧。
6,衣着·外貌,名词,手套,shǒutào,骑车记得戴手套。
6,衣着·外貌,名词,围巾,wéijīn,这条围巾真暖和。
6,衣着·外貌,名词,外套,wàitào,晚上凉，带件外套。
6,衣着·外貌,名词,毛衣,máoyī,这件毛衣是奶奶织的。
6,衣着·外貌,名词,衬衫,chènshān,他的衬衫烫得很平。
6,衣着·外貌,名词,包,bāo,她的包里什么都有。
6,衣着·外貌,名词,书包,shūbāo,书包太重，孩子背不动。
6,衣着·外貌,名词,钱包,qiánbāo,我的钱包里没多少现金。
6,衣着·外貌,名词,伞,sǎn,天阴了，带把伞吧。
6,衣着·外貌,名词,颜色,yánsè,你最喜欢什么颜色？
6,衣着·外貌,名词,造型,zàoxíng,她今天的造型很特别。
6,衣着·外貌,动词,穿,chuān,今天穿什么好呢？
6,衣着·外貌,动词,戴,dài,他戴上了新眼镜。
6,衣着·外貌,动词,脱,tuō,进门请脱鞋。
6,衣着·外貌,动词,换,huàn,这件太小了，能换一件吗？
6,衣着·外貌,动词,试,shì,这条裙子可以试穿吗？
6,衣着·外貌,动词,化妆,huàzhuāng,她出门前要化妆。
6,衣着·外貌,量词,套,tào,他买了一套西装。
6,衣着·外貌,量词,双,shuāng,这双袜子破了个洞。
6,衣着·外貌,形容词,漂亮,piàoliang,今天的晚霞真漂亮。
6,衣着·外貌,形容词,美,měi,湖边的风景美极了。
6,衣着·外貌,形容词,丑,chǒu,他觉得自己的字很丑。
6,衣着·外貌,形容词,好看,hǎokàn,这个颜色很好看。
6,衣着·外貌,形容词,长,cháng,她的头发很长。
6,衣着·外貌,形容词,短,duǎn,夏天他喜欢穿短裤。
6,衣着·外貌,形容词,大,dà,这双鞋大了一号。
6,衣着·外貌,形容词,小,xiǎo,这件衬衫小了点。
6,衣着·外貌,形容词,宽,kuān,新买的牛仔裤有点宽。
6,衣着·外貌,形容词,窄,zhǎi,这条路很窄，小心开。
6,衣着·外貌,形容词,厚,hòu,冬天要穿厚外套。
6,衣着·外貌,形容词,薄,báo,这条被子太薄了。
6,衣着·外貌,名词,红色,hóngsè,中国人结婚喜欢用红色。
6,衣着·外貌,名词,黄色,huángsè,秋天的树叶变成了黄色。
6,衣着·外貌,名词,蓝色,lánsè,天空是蓝色的。
6,衣着·外貌,名词,绿色,lǜsè,春天到处都是绿色。
6,衣着·外貌,名词,黑色,hēisè,他只穿黑色的T恤。
6,衣着·外貌,名词,白色,báisè,婚纱一般是白色的。
6,衣着·外貌,名词,灰色,huīsè,这件灰色大衣很配你。
6,衣着·外貌,名词,紫色,zǐsè,她染了紫色的头发。
6,衣着·外貌,名词,粉色,fěnsè,小女孩喜欢粉色的书包。
7,时间·日期,名词,年,nián,新的一年开始了。
7,时间·日期,名词,月,yuè,我上个月很忙。
7,时间·日期,名词,日,rì,今天是几月几日？
7,时间·日期,名词,天,tiān,我在北京住了三天。
7,时间·日期,名词,星期,xīngqī,下星期我们考试。
7,时间·日期,名词,周,zhōu,这周的工作特别多。
7,时间·日期,名词,小时,xiǎoshí,这部电影两个小时。
7,时间·日期,名词,分钟,fēnzhōng,再等我五分钟。
7,时间·日期,名词,秒,miǎo,还有十秒就到零点了。
7,时间·日期,名词,岁,suì,我女儿今年五岁。
7,时间·日期,名词,点,diǎn,我们几点出发？
7,时间·日期,名词,早上,zǎoshang,早上的空气真好。
7,时间·日期,名词,上午,shàngwǔ,上午我有一个会。
7,时间·日期,名词,中午,zhōngwǔ,中午食堂人特别多。
7,时间·日期,名词,下午,xiàwǔ,下午三点开会。
7,时间·日期,名词,晚上,wǎnshang,晚上早点睡。
7,时间·日期,名词,夜,yè,他工作到半夜。
7,时间·日期,名词,白天,báitiān,白天他要上班。
7,时间·日期,名词,今天,jīntiān,今天是我第一天上班。
7,时间·日期,名词,明天,míngtiān,明天可能下雨。
7,时间·日期,名词,昨天,zuótiān,昨天我们去爬山了。
7,时间·日期,名词,后天,hòutiān,后天就放假了。
7,时间·日期,名词,前天,qiántiān,前天他刚回国。
7,时间·日期,名词,现在,xiànzài,现在几点了？
7,时间·日期,名词,刚才,gāngcái,刚才有人找你。
7,时间·日期,名词,以前,yǐqián,我以前住在南京。
7,时间·日期,名词,以后,yǐhòu,以后有空常来玩。
7,时间·日期,名词,最近,zuìjìn,最近天气变化很大。
7,时间·日期,名词,时候,shíhou,小时候我最怕打针。
7,时间·日期,名词,时间,shíjiān,时间过得真快。
7,时间·日期,名词,日子,rìzi,搬家的日子定了吗？
7,时间·日期,名词,季节,jìjié,秋天是我最喜欢的季节。
7,时间·日期,名词,春,chūn,春天来了，花都开了。
7,时间·日期,名词,夏,xià,今年夏天特别热。
7,时间·日期,名词,秋,qiū,秋天的枫叶红了。
7,时间·日期,名词,冬,dōng,北方的冬天很冷。
7,时间·日期,名词,周末,zhōumò,周末我们去海边吧。
7,时间·日期,名词,假期,jiàqī,假期你有什么安排？
7,时间·日期,名词,生日,shēngrì,明天是我妈妈的生日。
7,时间·日期,名词,节日,jiérì,中秋是团圆的节日。
7,时间·日期,名词,平时,píngshí,我平时很少喝酒。
7,时间·日期,名词,当时,dāngshí,当时我不知道该说什么。
7,时间·日期,名词,未来,wèilái,谁也说不准未来的事。
7,时间·日期,名词,过去,guòqù,过去的事就让它过去吧。
7,时间·日期,动词,等,děng,我在门口等你。
7,时间·日期,动词,迟到,chídào,对不起，我迟到了。
7,时间·日期,动词,开始,kāishǐ,电影马上开始了。
7,时间·日期,动词,结束,jiéshù,会议五点才结束。
7,时间·日期,动词,起床,qǐchuáng,我每天七点起床。
7,时间·日期,动词,出发,chūfā,我们明天一早出发。
7,时间·日期,动词,来得及,láidejí,别急，时间还来得及。
7,时间·日期,形容词,早,zǎo,你今天来得真早。
7,时间·日期,形容词,晚,wǎn,现在去还不算晚。
7,时间·日期,形容词,快,kuài,高铁比火车快多了。
7,时间·日期,形容词,慢,màn,请说慢一点。
7,时间·日期,形容词,忙,máng,他最近忙得没时间吃饭。
7,时间·日期,形容词,闲,xián,退休后他闲不下来。
7,时间·日期,形容词,久,jiǔ,好久不见！
8,学习·工作·数字生活,名词,学校,xuéxiào,学校离我家很近。
8,学习·工作·数字生活,名词,教室,jiàoshì,教室里很安静。
8,学习·工作·数字生活,名词,办公室,bàngōngshì,他在办公室加班。
8,学习·工作·数字生活,名词,图书馆,túshūguǎn,图书馆周一闭馆。
8,学习·工作·数字生活,名词,课,kè,我下午没有课。
8,学习·工作·数字生活,名词,作业,zuòyè,今天的作业不多。
8,学习·工作·数字生活,名词,考试,kǎoshì,考试前别熬夜。
8,学习·工作·数字生活,名词,成绩,chéngjì,她这次成绩不错。
8,学习·工作·数字生活,名词,字,zì,这个字怎么读？
8,学习·工作·数字生活,名词,词,cí,这个词我不会用。
8,学习·工作·数字生活,名词,句子,jùzi,请用这个词造一个句子。
8,学习·工作·数字生活,名词,文章,wénzhāng,这篇文章写得真好。
8,学习·工作·数字生活,名词,知识,zhīshi,多读书能学到知识。
8,学习·工作·数字生活,名词,专业,zhuānyè,你大学学的什么专业？
8,学习·工作·数字生活,名词,笔记,bǐjì,上课要记笔记。
8,学习·工作·数字生活,名词,公司,gōngsī,我们公司在市中心。
8,学习·工作·数字生活,名词,单位,dānwèi,他单位的福利不错。
8,学习·工作·数字生活,名词,工作,gōngzuò,她找到了新工作。
8,学习·工作·数字生活,名词,工作室,gōngzuòshì,他开了一家设计工作室。
8,学习·工作·数字生活,名词,项目,xiàngmù,这个项目下个月上线。
8,学习·工作·数字生活,名词,会议,huìyì,会议改到明天上午了。
8,学习·工作·数字生活,名词,任务,rènwu,今天的任务有点重。
8,学习·工作·数字生活,名词,计划,jìhuà,我们的计划变了。
8,学习·工作·数字生活,名词,经验,jīngyàn,他有十年的教学经验。
8,学习·工作·数字生活,名词,技术,jìshù,他的技术在公司数一数二。
8,学习·工作·数字生活,名词,能力,nénglì,她的学习能力很强。
8,学习·工作·数字生活,名词,面试,miànshì,我明天有一个面试。
8,学习·工作·数字生活,名词,简历,jiǎnlì,请把简历发到我的邮箱。
8,学习·工作·数字生活,名词,实习,shíxí,她在一家银行实习。
8,学习·工作·数字生活,名词,培训,péixùn,新员工要参加培训。
8,学习·工作·数字生活,名词,收入,shōurù,他的收入比去年高。
8,学习·工作·数字生活,名词,创业,chuàngyè,大学毕业后他选择创业。
8,学习·工作·数字生活,名词,同行,tóngháng,我们是同行，多多交流。
8,学习·工作·数字生活,名词,网络,wǎngluò,这里的网络信号不好。
8,学习·工作·数字生活,名词,网上,wǎngshàng,这本书网上更便宜。
8,学习·工作·数字生活,名词,网站,wǎngzhàn,这个网站打不开了。
8,学习·工作·数字生活,名词,软件,ruǎnjiàn,手机里装了太多软件。
8,学习·工作·数字生活,名词,视频,shìpín,这个视频太好笑了。
8,学习·工作·数字生活,名词,邮件,yóujiàn,我给你发了一封邮件。
8,学习·工作·数字生活,名词,文件,wénjiàn,请把文件打印两份。
8,学习·工作·数字生活,名词,消息,xiāoxi,有消息马上告诉我。
8,学习·工作·数字生活,名词,密码,mìmǎ,我又忘了密码。
8,学习·工作·数字生活,名词,账号,zhànghào,我的账号被锁了。
8,学习·工作·数字生活,名词,流量,liúliàng,这个月的流量用完了。
8,学习·工作·数字生活,名词,平板,píngbǎn,孩子用平板上网课。
8,学习·工作·数字生活,名词,耳机,ěrjī,我的耳机找不到了。
8,学习·工作·数字生活,名词,微信,wēixìn,加个微信吧。
8,学习·工作·数字生活,名词,APP,ēipìpì,这个APP很好用。
8,学习·工作·数字生活,名词,表情包,biǎoqíngbāo,他发了一个搞笑的表情包。
8,学习·工作·数字生活,名词,直播,zhíbō,她每天晚上八点直播。
8,学习·工作·数字生活,名词,博主,bózhǔ,这位博主专门介绍美食。
8,学习·工作·数字生活,名词,粉丝,fěnsī,她有一百万粉丝。
8,学习·工作·数字生活,名词,视频通话,shìpín tōnghuà,我每周和爸妈视频通话。
8,学习·工作·数字生活,名词,点赞,diǎnzàn,记得给我点赞哦。
8,学习·工作·数字生活,名词,关注,guānzhù,欢迎关注我的账号。
8,学习·工作·数字生活,名词,分享,fēnxiǎng,谢谢你的分享。
8,学习·工作·数字生活,动词,学,xué,我在学葡萄牙语。
8,学习·工作·数字生活,动词,教,jiāo,王老师教我们数学。
8,学习·工作·数字生活,动词,读,dú,请大声读课文。
8,学习·工作·数字生活,动词,写,xiě,他会写毛笔字。
8,学习·工作·数字生活,动词,问,wèn,不懂就问。
8,学习·工作·数字生活,动词,答,dá,这道题他答对了。
8,学习·工作·数字生活,动词,考,kǎo,明天考听力。
8,学习·工作·数字生活,动词,记,jì,我记不住这么多单词。
8,学习·工作·数字生活,动词,算,suàn,你算一下一共花了多少。
8,学习·工作·数字生活,动词,查,chá,不认识的词可以查词典。
8,学习·工作·数字生活,动词,练,liàn,口语要天天练。
8,学习·工作·数字生活,动词,复习,fùxí,考前好好复习。
8,学习·工作·数字生活,动词,上课,shàngkè,上课别玩手机。
8,学习·工作·数字生活,动词,上班,shàngbān,我坐地铁上班。
8,学习·工作·数字生活,动词,下班,xiàbān,他今天下班很晚。
8,学习·工作·数字生活,动词,毕业,bìyè,我2018年大学毕业。
8,学习·工作·数字生活,动词,努力,nǔlì,他学习很努力。
8,学习·工作·数字生活,动词,完成,wánchéng,报告我已经完成了。
8,学习·工作·数字生活,动词,负责,fùzé,这个项目由她负责。
8,学习·工作·数字生活,动词,参加,cānjiā,你参加明天的会议吗？
8,学习·工作·数字生活,动词,上网,shàngwǎng,爷爷也学会上网了。
8,学习·工作·数字生活,动词,注册,zhùcè,先注册一个账号。
8,学习·工作·数字生活,动词,下载,xiàzài,这个软件在哪儿下载？
8,学习·工作·数字生活,动词,打印,dǎyìn,帮我打印一下这份合同。
8,学习·工作·数字生活,量词,本,běn,我买了三本词典。
8,学习·工作·数字生活,量词,节,jié,今天上了四节课。
8,学习·工作·数字生活,量词,门,mén,这学期我选了五门课。
8,学习·工作·数字生活,形容词,难,nán,中文的声调有点难。
8,学习·工作·数字生活,形容词,容易,róngyì,这次考试比较容易。
8,学习·工作·数字生活,形容词,简单,jiǎndān,这道题很简单。
8,学习·工作·数字生活,形容词,复杂,fùzá,事情比我想的复杂。
8,学习·工作·数字生活,形容词,重要,zhòngyào,健康比什么都重要。
8,学习·工作·数字生活,形容词,认真,rènzhēn,他做事一直很认真。
8,学习·工作·数字生活,形容词,聪明,cōngming,这孩子聪明又用功。
8,学习·工作·数字生活,形容词,清楚,qīngchu,老师讲得很清楚。
9,出行·交通·方位,名词,车,chē,路上车太多了。
9,出行·交通·方位,名词,汽车,qìchē,他们家买了新汽车。
9,出行·交通·方位,名词,出租车,chūzūchē,我们打出租车去吧。
9,出行·交通·方位,名词,网约车,wǎngyuēchē,网约车几分钟就到了。
9,出行·交通·方位,名词,公交车,gōngjiāochē,这趟公交车直达机场。
9,出行·交通·方位,名词,火车,huǒchē,我坐夜里的火车走。
9,出行·交通·方位,名词,高铁,gāotiě,高铁上有插座，很方便。
9,出行·交通·方位,名词,飞机,fēijī,飞机晚点了一个小时。
9,出行·交通·方位,名词,自行车,zìxíngchē,他每天骑自行车上学。
9,出行·交通·方位,名词,共享单车,gòngxiǎng dānchē,街上到处是共享单车。
9,出行·交通·方位,名词,电动车,diàndòngchē,骑电动车要戴头盔。
9,出行·交通·方位,名词,摩托车,mótuōchē,摩托车声音太大了。
9,出行·交通·方位,名词,地铁,dìtiě,坐地铁比开车快。
9,出行·交通·方位,名词,船,chuán,我们坐船去了那个小岛。
9,出行·交通·方位,名词,票,piào,演唱会的票卖完了。
9,出行·交通·方位,名词,车站,chēzhàn,车站离这儿不远。
9,出行·交通·方位,名词,机场,jīchǎng,提前两小时到机场。
9,出行·交通·方位,名词,路,lù,这条路修好了。
9,出行·交通·方位,名词,马路,mǎlù,过马路要看红绿灯。
9,出行·交通·方位,名词,桥,qiáo,桥下有人在钓鱼。
9,出行·交通·方位,名词,酒店,jiǔdiàn,我们订了海边的酒店。
9,出行·交通·方位,名词,地图,dìtú,打开地图看看怎么走。
9,出行·交通·方位,名词,导航,dǎoháng,跟着导航走就行。
9,出行·交通·方位,名词,城市,chéngshì,这座城市变化很大。
9,出行·交通·方位,名词,农村,nóngcūn,农村的空气特别好。
9,出行·交通·方位,名词,村,cūn,这个村只有几十户人家。
9,出行·交通·方位,名词,街,jiē,这条街晚上很热闹。
9,出行·交通·方位,名词,公园,gōngyuán,公园里有人在跳舞。
9,出行·交通·方位,名词,广场,guǎngchǎng,广场上聚了很多人。
9,出行·交通·方位,名词,方向,fāngxiàng,我们好像走错方向了。
9,出行·交通·方位,名词,红绿灯,hónglǜdēng,前面的红绿灯坏了。
9,出行·交通·方位,名词,停车场,tíngchēchǎng,停车场已经满了。
9,出行·交通·方位,名词,加油站,jiāyóuzhàn,前面有个加油站，先加油吧。
9,出行·交通·方位,方位词,上,shàng,墙上贴着一张海报。
9,出行·交通·方位,方位词,下,xià,猫躲在床下。
9,出行·交通·方位,方位词,前,qián,学校前面有家书店。
9,出行·交通·方位,方位词,后,hòu,房子后面是一座山。
9,出行·交通·方位,方位词,左,zuǒ,到路口往左拐。
9,出行·交通·方位,方位词,右,yòu,超市在银行右边。
9,出行·交通·方位,方位词,里,lǐ,抽屉里有个手电筒。
9,出行·交通·方位,方位词,外,wài,门外有人敲门。
9,出行·交通·方位,方位词,中,zhōng,他站在队伍中间。
9,出行·交通·方位,方位词,旁边,pángbiān,我家旁边有个地铁站。
9,出行·交通·方位,方位词,对面,duìmiàn,对面新开了一家咖啡店。
9,出行·交通·方位,方位词,附近,fùjìn,附近有药店吗？
9,出行·交通·方位,方位词,东,dōng,太阳从东边升起。
9,出行·交通·方位,方位词,南,nán,冬天很多鸟飞去南方。
9,出行·交通·方位,方位词,西,xī,往西走十分钟就到了。
9,出行·交通·方位,方位词,北,běi,我老家在北方。
9,出行·交通·方位,动词,走,zǒu,我们走路去吧。
9,出行·交通·方位,动词,跑,pǎo,他每天早上跑五公里。
9,出行·交通·方位,动词,来,lái,你什么时候来我家？
9,出行·交通·方位,动词,去,qù,我去趟超市。
9,出行·交通·方位,动词,到,dào,火车马上就到了。
9,出行·交通·方位,动词,回,huí,我先回家了。
9,出行·交通·方位,动词,进,jìn,请进，别客气。
9,出行·交通·方位,动词,出,chū,他刚出门。
9,出行·交通·方位,动词,坐,zuò,坐高铁两个小时就能到。
9,出行·交通·方位,动词,骑,qí,他骑车去买菜。
9,出行·交通·方位,动词,开车,kāichē,他开车送我回家。
9,出行·交通·方位,动词,停,tíng,车不能停在这里。
9,出行·交通·方位,动词,离开,líkāi,他十八岁就离开了家乡。
9,出行·交通·方位,动词,带,dài,出门别忘带钥匙。
9,出行·交通·方位,动词,打车,dǎchē,太晚了，我们打车回去吧。
9,出行·交通·方位,量词,辆,liàng,门口停着一辆红色的车。
9,出行·交通·方位,量词,趟,tàng,我去了一趟银行。
9,出行·交通·方位,量词,班,bān,我赶上了最后一班地铁。
10,购物·金钱,名词,商店,shāngdiàn,这家商店周日不开门。
10,购物·金钱,名词,超市,chāoshì,超市在搞活动。
10,购物·金钱,名词,市场,shìchǎng,早上的市场很热闹。
10,购物·金钱,名词,银行,yínháng,银行下午五点关门。
10,购物·金钱,名词,钱,qián,我带的钱不够。
10,购物·金钱,名词,价格,jiàgé,这个价格很合理。
10,购物·金钱,名词,工资,gōngzī,每月十号发工资。
10,购物·金钱,名词,生意,shēngyi,他家的生意越来越好。
10,购物·金钱,名词,产品,chǎnpǐn,这款产品卖得很火。
10,购物·金钱,名词,顾客,gùkè,顾客就是上帝。
10,购物·金钱,名词,快递,kuàidì,你的快递到了。
10,购物·金钱,名词,网购,wǎnggòu,她喜欢深夜网购。
10,购物·金钱,名词,现金,xiànjīn,现在很少有人带现金。
10,购物·金钱,名词,银行卡,yínhángkǎ,我的银行卡不见了。
10,购物·金钱,名词,红包,hóngbāo,过年孩子们都收红包。
10,购物·金钱,名词,余额,yú'é,卡里余额不多了。
10,购物·金钱,名词,优惠,yōuhuì,新用户有优惠。
10,购物·金钱,名词,订单,dìngdān,你的订单已经发货了。
10,购物·金钱,名词,发票,fāpiào,请给我开张发票。
10,购物·金钱,名词,网店,wǎngdiàn,她开了一家网店卖衣服。
10,购物·金钱,名词,店员,diànyuán,店员帮我找了合适的尺码。
10,购物·金钱,量词,元,yuán,这本书三十元。
10,购物·金钱,量词,块,kuài,苹果五块钱一斤。
10,购物·金钱,量词,毛,máo,找您五毛钱。
10,购物·金钱,量词,斤,jīn,我买了两斤香蕉。
10,购物·金钱,量词,公斤,gōngjīn,行李不能超过二十公斤。
10,购物·金钱,量词,米,mǐ,他身高一米八。
10,购物·金钱,动词,买,mǎi,我想买个新手机。
10,购物·金钱,动词,卖,mài,这家店只卖水果。
10,购物·金钱,动词,付,fù,这次我来付。
10,购物·金钱,动词,花,huā,装修花了不少钱。
10,购物·金钱,动词,省,shěng,拼车能省不少钱。
10,购物·金钱,动词,存,cún,她每月存两千块。
10,购物·金钱,动词,借,jiè,我能借你的充电器吗？
10,购物·金钱,动词,还,huán,借的书下周要还。
10,购物·金钱,动词,退,tuì,不合适可以七天退货。
10,购物·金钱,动词,挑,tiāo,妈妈在挑西红柿。
10,购物·金钱,动词,选,xuǎn,两个颜色，你选一个。
10,购物·金钱,动词,打折,dǎzhé,这双鞋正在打折。
10,购物·金钱,动词,扫码,sǎomǎ,扫码就能点餐。
10,购物·金钱,动词,付款,fùkuǎn,请到前台付款。
10,购物·金钱,动词,下单,xiàdān,我昨晚下单，今天就到了。
10,购物·金钱,动词,转账,zhuǎnzhàng,我把房租转账给你。
10,购物·金钱,动词,刷卡,shuākǎ,这里可以刷卡吗？
10,购物·金钱,动词,支付,zhīfù,现在大家都用手机支付。
10,购物·金钱,形容词,贵,guì,这家餐厅有点贵。
10,购物·金钱,形容词,便宜,piányi,换季的衣服很便宜。
10,购物·金钱,形容词,值,zhí,这钱花得值。
10,购物·金钱,形容词,富,fù,这个村靠种茶富了起来。
10,购物·金钱,形容词,穷,qióng,他小时候家里很穷。
10,购物·金钱,形容词,免费,miǎnfèi,展览今天免费参观。
10,购物·金钱,短语,多少钱,duōshao qián,老板，这个多少钱？
11,自然·天气·动物,名词,阳光,yángguāng,今天阳光真好。
11,自然·天气·动物,名词,天空,tiānkōng,天空中一朵云也没有。
11,自然·天气·动物,名词,太阳,tàiyáng,太阳出来了，晒晒被子吧。
11,自然·天气·动物,名词,月亮,yuèliang,今晚的月亮又大又圆。
11,自然·天气·动物,名词,星星,xīngxing,山里能看到满天星星。
11,自然·天气·动物,名词,云,yún,天上的云像棉花糖。
11,自然·天气·动物,名词,风,fēng,今天风很大，戴好帽子。
11,自然·天气·动物,名词,雨,yǔ,雨下了一整天。
11,自然·天气·动物,名词,雪,xuě,昨晚下了今年第一场雪。
11,自然·天气·动物,名词,雷,léi,打雷了，别站在树下。
11,自然·天气·动物,名词,天气,tiānqì,明天天气怎么样？
11,自然·天气·动物,名词,气温,qìwēn,今天气温降到零下了。
11,自然·天气·动物,名词,温度,wēndù,空调温度别开太低。
11,自然·天气·动物,名词,空气,kōngqì,雨后的空气很清新。
11,自然·天气·动物,名词,火,huǒ,做饭时别离开火。
11,自然·天气·动物,名词,光,guāng,月光照进了房间。
11,自然·天气·动物,名词,河,hé,小时候我常在河里游泳。
11,自然·天气·动物,名词,海,hǎi,我还没见过海。
11,自然·天气·动物,名词,湖,hú,湖水清得能看到鱼。
11,自然·天气·动物,名词,山,shān,这座山不高，很好爬。
11,自然·天气·动物,名词,石头,shítou,孩子往水里扔石头玩。
11,自然·天气·动物,名词,土,tǔ,花盆里的土干了。
11,自然·天气·动物,名词,树,shù,院子里有一棵老树。
11,自然·天气·动物,名词,草,cǎo,春天的草绿油油的。
11,自然·天气·动物,名词,花,huā,阳台上的花开了。
11,自然·天气·动物,名词,叶子,yèzi,秋天叶子落了一地。
11,自然·天气·动物,名词,森林,sēnlín,我们在森林里迷了路。
11,自然·天气·动物,名词,地,dì,地上都是落叶。
11,自然·天气·动物,名词,环境,huánjìng,这里的环境很安静。
11,自然·天气·动物,名词,地球,dìqiú,地球是我们共同的家。
11,自然·天气·动物,名词,世界,shìjiè,我想去看看世界。
11,自然·天气·动物,名词,狗,gǒu,邻居家的狗很凶。
11,自然·天气·动物,名词,猫,māo,我家的猫怕水。
11,自然·天气·动物,名词,鸟,niǎo,早上被鸟叫醒了。
11,自然·天气·动物,名词,猪,zhū,猪其实很聪明。
11,自然·天气·动物,名词,牛,niú,田里有几头牛。
11,自然·天气·动物,名词,羊,yáng,山坡上有一群羊。
11,自然·天气·动物,名词,马,mǎ,她第一次骑马有点紧张。
11,自然·天气·动物,名词,兔子,tùzi,兔子爱吃胡萝卜。
11,自然·天气·动物,名词,老鼠,lǎoshǔ,猫抓住了一只老鼠。
11,自然·天气·动物,名词,虫,chóng,叶子上有一只小虫。
11,自然·天气·动物,名词,蛇,shé,他最怕蛇。
11,自然·天气·动物,名词,宠物,chǒngwù,这栋楼不让养宠物。
11,自然·天气·动物,动词,下,xià,外面下雨了。
11,自然·天气·动物,动词,刮,guā,晚上要刮大风。
11,自然·天气·动物,动词,流,liú,河水慢慢地流。
11,自然·天气·动物,动词,吹,chuī,海边的风吹得很舒服。
11,自然·天气·动物,形容词,冷,lěng,今天冷，多穿点。
11,自然·天气·动物,形容词,热,rè,屋里比外面热。
11,自然·天气·动物,形容词,暖,nuǎn,三月的天开始暖起来了。
11,自然·天气·动物,形容词,凉,liáng,汤凉了，我热一下。
11,自然·天气·动物,形容词,晴,qíng,明天是个大晴天。
11,自然·天气·动物,形容词,阴,yīn,天阴得要下雨了。
11,自然·天气·动物,形容词,干,gān,洗的衣服还没干。
11,自然·天气·动物,形容词,湿,shī,鞋子被雨淋湿了。
11,自然·天气·动物,量词,只,zhī,树上有两只鸟。
11,自然·天气·动物,量词,条,tiáo,他钓到了一条大鱼。
11,自然·天气·动物,量词,头,tóu,农场里养了十头猪。
11,自然·天气·动物,量词,棵,kē,门前种了一棵桃树。
11,自然·天气·动物,量词,朵,duǒ,她头上戴了一朵花。
11,自然·天气·动物,量词,座,zuò,城里新修了一座大桥。
12,情感·沟通·社会,名词,心情,xīnqíng,今天我心情特别好。
12,情感·沟通·社会,名词,感情,gǎnqíng,他们的感情一直很好。
12,情感·沟通·社会,名词,爱情,àiqíng,这部电影讲的是爱情故事。
12,情感·沟通·社会,名词,友谊,yǒuyì,干杯，为我们的友谊！
12,情感·沟通·社会,名词,脾气,píqi,他脾气好，从不着急。
12,情感·沟通·社会,名词,性格,xìnggé,她性格开朗，朋友很多。
12,情感·沟通·社会,名词,习惯,xíguàn,我习惯早睡早起。
12,情感·沟通·社会,名词,态度,tàidù,他的态度突然变了。
12,情感·沟通·社会,名词,想法,xiǎngfǎ,我有一个新想法。
12,情感·沟通·社会,名词,意思,yìsi,这句话是什么意思？
12,情感·沟通·社会,名词,新闻,xīnwén,今天有条新闻很有意思。
12,情感·沟通·社会,名词,原因,yuányīn,迟到的原因是堵车。
12,情感·沟通·社会,名词,结果,jiéguǒ,检查结果一切正常。
12,情感·沟通·社会,名词,希望,xīwàng,别放弃，还有希望。
12,情感·沟通·社会,名词,梦,mèng,我昨晚做了个奇怪的梦。
12,情感·沟通·社会,名词,关系,guānxi,没关系，慢慢来。
12,情感·沟通·社会,名词,社会,shèhuì,大学生要多了解社会。
12,情感·沟通·社会,名词,政府,zhèngfǔ,政府新建了一个公园。
12,情感·沟通·社会,名词,人民,rénmín,人民的生活越来越好。
12,情感·沟通·社会,名词,声音,shēngyīn,隔壁的声音太大了。
12,情感·沟通·社会,名词,机会,jīhuì,这是个难得的机会。
12,情感·沟通·社会,名词,办法,bànfǎ,总会有办法的，别急。
12,情感·沟通·社会,名词,信心,xìnxīn,我对你有信心。
12,情感·沟通·社会,名词,压力,yālì,他最近工作压力很大。
12,情感·沟通·社会,名词,感觉,gǎnjué,我感觉今天会下雨。
12,情感·沟通·社会,名词,印象,yìnxiàng,我对他印象不错。
12,情感·沟通·社会,名词,误会,wùhuì,这是一场误会。
12,情感·沟通·社会,动词,说,shuō,你说得对。
12,情感·沟通·社会,动词,讲,jiǎng,爷爷爱讲过去的故事。
12,情感·沟通·社会,动词,谈,tán,我们找时间谈一谈。
12,情感·沟通·社会,动词,聊,liáo,我们聊了一下午。
12,情感·沟通·社会,动词,告诉,gàosu,别告诉别人这件事。
12,情感·沟通·社会,动词,回答,huídá,这个问题我不知道怎么回答。
12,情感·沟通·社会,动词,解释,jiěshì,你听我解释。
12,情感·沟通·社会,动词,介绍,jièshào,我来介绍一下我自己。
12,情感·沟通·社会,动词,商量,shāngliang,这事我得跟家人商量。
12,情感·沟通·社会,动词,讨论,tǎolùn,我们下午讨论这个方案。
12,情感·沟通·社会,动词,决定,juédìng,我决定开始学画画。
12,情感·沟通·社会,动词,想,xiǎng,我想家了。
12,情感·沟通·社会,动词,觉得,juéde,我觉得这个主意不错。
12,情感·沟通·社会,动词,知道,zhīdào,这件事我早就知道了。
12,情感·沟通·社会,动词,明白,míngbai,现在我明白了。
12,情感·沟通·社会,动词,懂,dǒng,这句话你懂了吗？
12,情感·沟通·社会,动词,了解,liǎojiě,我们先了解一下情况。
12,情感·沟通·社会,动词,相信,xiāngxìn,我相信你能做到。
12,情感·沟通·社会,动词,记得,jìde,你还记得我吗？
12,情感·沟通·社会,动词,忘,wàng,我忘了带伞。
12,情感·沟通·社会,动词,担心,dānxīn,妈妈很担心你的安全。
12,情感·沟通·社会,动词,害怕,hàipà,小时候我害怕黑。
12,情感·沟通·社会,动词,怕,pà,我怕迟到，先出门了。
12,情感·沟通·社会,动词,生气,shēngqì,你别生气，我错了。
12,情感·沟通·社会,动词,哭,kū,电影看得她哭了。
12,情感·沟通·社会,动词,笑,xiào,他笑起来很好看。
12,情感·沟通·社会,动词,感谢,gǎnxiè,感谢大家的帮助。
12,情感·沟通·社会,动词,道歉,dàoqiàn,他向我道歉了。
12,情感·沟通·社会,动词,同意,tóngyì,爸爸同意我养狗了。
12,情感·沟通·社会,动词,反对,fǎnduì,没有人反对这个计划。
12,情感·沟通·社会,动词,骂,mà,他从来不骂人。
12,情感·沟通·社会,动词,夸,kuā,老师夸我进步很大。
12,情感·沟通·社会,动词,劝,quàn,我劝他早点休息。
12,情感·沟通·社会,动词,祝,zhù,祝你们一路顺风！
12,情感·沟通·社会,形容词,高兴,gāoxìng,见到你真高兴。
12,情感·沟通·社会,形容词,开心,kāixīn,今天玩得很开心。
12,情感·沟通·社会,形容词,快乐,kuàilè,祝你新年快乐！
12,情感·沟通·社会,形容词,难过,nánguò,别难过，下次再努力。
12,情感·沟通·社会,形容词,伤心,shāngxīn,她伤心地哭了。
12,情感·沟通·社会,形容词,紧张,jǐnzhāng,第一次上台演讲，我很紧张。
12,情感·沟通·社会,形容词,奇怪,qíguài,真奇怪，钥匙怎么不见了？
12,情感·沟通·社会,形容词,特别,tèbié,这家店的味道很特别。
12,情感·沟通·社会,形容词,普通,pǔtōng,他只是一个普通的上班族。
12,情感·沟通·社会,形容词,安静,ānjìng,请保持安静。
12,情感·沟通·社会,形容词,热闹,rènao,过年的时候街上特别热闹。
