unit,theme,词类,词,pinyin
1,身份·人称·数,代词,我,wǒ
1,身份·人称·数,代词,你,nǐ
1,身份·人称·数,代词,您,nín
1,身份·人称·数,代词,他,tā
1,身份·人称·数,代词,她,tā
1,身份·人称·数,代词,它,tā
1,身份·人称·数,代词,我们,wǒmen
1,身份·人称·数,代词,你们,nǐmen
1,身份·人称·数,代词,他们,tāmen
1,身份·人称·数,代词,自己,zìjǐ
1,身份·人称·数,代词,大家,dàjiā
1,身份·人称·数,代词,别人,biéren
1,身份·人称·数,代词,这,zhè
1,身份·人称·数,代词,那,nà
1,身份·人称·数,代词,谁,shéi
1,身份·人称·数,代词,什么,shénme
1,身份·人称·数,代词,哪,nǎ
1,身份·人称·数,代词,哪儿,nǎr
1,身份·人称·数,数词,一,yī
1,身份·人称·数,数词,二,èr
1,身份·人称·数,数词,三,sān
1,身份·人称·数,数词,四,sì
1,身份·人称·数,数词,五,wǔ
1,身份·人称·数,数词,六,liù
1,身份·人称·数,数词,七,qī
1,身份·人称·数,数词,八,bā
1,身份·人称·数,数词,九,jiǔ
1,身份·人称·数,数词,十,shí
1,身份·人称·数,数词,百,bǎi
1,身份·人称·数,数词,千,qiān
1,身份·人称·数,数词,万,wàn
1,身份·人称·数,数词,亿,yì
1,身份·人称·数,数词,零,líng
1,身份·人称·数,数词,两,liǎng
1,身份·人称·数,数词,半,bàn
1,身份·人称·数,量词,个,gè
1,身份·人称·数,量词,些,xiē
1,身份·人称·数,量词,位,wèi
1,身份·人称·数,量词,名,míng
1,身份·人称·数,量词,次,cì
1,身份·人称·数,量词,回,huí
1,身份·人称·数,量词,遍,biàn
1,身份·人称·数,动词,是,shì
1,身份·人称·数,动词,有,yǒu
1,身份·人称·数,动词,在,zài
1,身份·人称·数,动词,叫,jiào
1,身份·人称·数,动词,姓,xìng
1,身份·人称·数,动词,住,zhù
1,身份·人称·数,动词,出生,chūshēng
1,身份·人称·数,动词,长大,zhǎngdà
1,身份·人称·数,动词,来自,láizì
1,身份·人称·数,名词,名字,míngzi
1,身份·人称·数,名词,人,rén
1,身份·人称·数,名词,国家,guójiā
1,身份·人称·数,名词,国籍,guójí
1,身份·人称·数,名词,家乡,jiāxiāng
1,身份·人称·数,名词,老家,lǎojiā
1,身份·人称·数,名词,护照,hùzhào
1,身份·人称·数,名词,签证,qiānzhèng
1,身份·人称·数,名词,身份证,shēnfènzhèng
1,身份·人称·数,名词,外国人,wàiguórén
1,身份·人称·数,名词,中国人,zhōngguórén
1,身份·人称·数,名词,欧洲人,ōuzhōurén
1,身份·人称·数,名词,美国人,měiguórén
1,身份·人称·数,名词,华人,huárén
1,身份·人称·数,名词,移民,yímín
1,身份·人称·数,名词,游客,yóukè
1,身份·人称·数,名词,留学生,liúxuéshēng
1,身份·人称·数,名词,身份,shēnfèn
1,身份·人称·数,动词,旅游,lǚyóu
1,身份·人称·数,动词,旅行,lǚxíng
1,身份·人称·数,动词,出国,chūguó
1,身份·人称·数,动词,回国,huíguó
1,身份·人称·数,动词,搬家,bānjiā
1,身份·人称·数,动词,定居,dìngjū
2,家庭·关系,名词,爸爸,bàba
2,家庭·关系,名词,妈妈,māma
2,家庭·关系,名词,爷爷,yéye
2,家庭·关系,名词,奶奶,nǎinai
2,家庭·关系,名词,外公,wàigōng
2,家庭·关系,名词,外婆,wàipó
2,家庭·关系,名词,哥哥,gēge
2,家庭·关系,名词,姐姐,jiějie
2,家庭·关系,名词,弟弟,dìdi
2,家庭·关系,名词,妹妹,mèimei
2,家庭·关系,名词,儿子,érzi
2,家庭·关系,名词,女儿,nǚ'ér
2,家庭·关系,名词,丈夫,zhàngfu
2,家庭·关系,名词,妻子,qīzi
2,家庭·关系,名词,老公,lǎogōng
2,家庭·关系,名词,老婆,lǎopó
2,家庭·关系,名词,家人,jiārén
2,家庭·关系,名词,家庭,jiātíng
2,家庭·关系,名词,亲戚,qīnqi
2,家庭·关系,名词,叔叔,shūshu
2,家庭·关系,名词,阿姨,āyí
2,家庭·关系,名词,大人,dàren
2,家庭·关系,名词,小孩,xiǎohái
2,家庭·关系,名词,宝宝,bǎobao
2,家庭·关系,名词,夫妻,fūqī
2,家庭·关系,名词,老人,lǎorén
2,家庭·关系,名词,年轻人,niánqīngrén
2,家庭·关系,名词,邻居,línjū
2,家庭·关系,名词,同学,tóngxué
2,家庭·关系,名词,同事,tóngshì
2,家庭·关系,名词,老师,lǎoshī
2,家庭·关系,名词,领导,lǐngdǎo
2,家庭·关系,名词,老板,lǎobǎn
2,家庭·关系,名词,朋友,péngyou
2,家庭·关系,名词,男朋友,nánpéngyou
2,家庭·关系,名词,女朋友,nǚpéngyou
2,家庭·关系,动词,爱,ài
2,家庭·关系,动词,喜欢,xǐhuan
2,家庭·关系,动词,照顾,zhàogù
2,家庭·关系,动词,关心,guānxīn
2,家庭·关系,动词,结婚,jiéhūn
2,家庭·关系,动词,离婚,líhūn
2,家庭·关系,动词,认识,rènshi
2,家庭·关系,动词,帮忙,bāngmáng
2,家庭·关系,动词,陪,péi
2,家庭·关系,动词,想念,xiǎngniàn
2,家庭·关系,形容词,亲,qīn
2,家庭·关系,形容词,熟,shú
2,家庭·关系,形容词,年轻,niánqīng
2,家庭·关系,形容词,可爱,kě'ài
2,家庭·关系,形容词,好,hǎo
2,家庭·关系,形容词,单身,dānshēn
3,身体·健康,名词,头,tóu
3,身体·健康,名词,脸,liǎn
3,身体·健康,名词,眼睛,yǎnjing
3,身体·健康,名词,鼻子,bízi
3,身体·健康,名词,嘴,zuǐ
3,身体·健康,名词,耳朵,ěrduo
3,身体·健康,名词,牙,yá
3,身体·健康,名词,舌头,shétou
3,身体·健康,名词,脖子,bózi
3,身体·健康,名词,肩膀,jiānbǎng
3,身体·健康,名词,手,shǒu
3,身体·健康,名词,手指,shǒuzhǐ
3,身体·健康,名词,胳膊,gēbo
3,身体·健康,名词,腿,tuǐ
3,身体·健康,名词,脚,jiǎo
3,身体·健康,名词,肚子,dùzi
3,身体·健康,名词,背,bèi
3,身体·健康,名词,腰,yāo
3,身体·健康,名词,心,xīn
3,身体·健康,名词,皮肤,pífū
3,身体·健康,名词,头发,tóufa
3,身体·健康,名词,血,xuè
3,身体·健康,名词,骨头,gǔtou
3,身体·健康,名词,身体,shēntǐ
3,身体·健康,名词,个子,gèzi
3,身体·健康,名词,力气,lìqi
3,身体·健康,名词,病,bìng
3,身体·健康,名词,感冒,gǎnmào
3,身体·健康,名词,药,yào
3,身体·健康,名词,医院,yīyuàn
3,身体·健康,名词,医生,yīshēng
3,身体·健康,名词,护士,hùshi
3,身体·健康,名词,精神,jīngshén
3,身体·健康,名词,命,mìng
3,身体·健康,名词,气,qì
3,身体·健康,名词,汗,hàn
3,身体·健康,名词,病人,bìngrén
3,身体·健康,名词,体检,tǐjiǎn
3,身体·健康,名词,口罩,kǒuzhào
3,身体·健康,动词,睡,shuì
3,身体·健康,动词,醒,xǐng
3,身体·健康,动词,休息,xiūxi
3,身体·健康,动词,生病,shēngbìng
3,身体·健康,动词,看病,kànbìng
3,身体·健康,动词,咳嗽,késou
3,身体·健康,动词,发烧,fāshāo
3,身体·健康,动词,受伤,shòushāng
3,身体·健康,动词,洗澡,xǐzǎo
3,身体·健康,动词,刷牙,shuāyá
3,身体·健康,动词,运动,yùndòng
3,身体·健康,动词,锻炼,duànliàn
3,身体·健康,动词,长,zhǎng
3,身体·健康,动词,健身,jiànshēn
3,身体·健康,形容词,疼,téng
3,身体·健康,形容词,累,lèi
3,身体·健康,形容词,困,kùn
3,身体·健康,形容词,饿,è
3,身体·健康,形容词,渴,kě
3,身体·健康,形容词,饱,bǎo
3,身体·健康,形容词,舒服,shūfu
3,身体·健康,形容词,健康,jiànkāng
3,身体·健康,形容词,胖,pàng
3,身体·健康,形容词,瘦,shòu
3,身体·健康,形容词,高,gāo
3,身体·健康,形容词,矮,ǎi
3,身体·健康,形容词,壮,zhuàng
3,身体·健康,形容词,难受,nánshòu
4,饮食,名词,饭,fàn
4,饮食,名词,米饭,mǐfàn
4,饮食,名词,面,miàn
4,饮食,名词,面条,miàntiáo
4,饮食,名词,菜,cài
4,饮食,名词,肉,ròu
4,饮食,名词,鱼,yú
4,饮食,名词,鸡,jī
4,饮食,名词,鸡蛋,jīdàn
4,饮食,名词,猪肉,zhūròu
4,饮食,名词,牛肉,niúròu
4,饮食,名词,羊肉,yángròu
4,饮食,名词,虾,xiā
4,饮食,名词,青菜,qīngcài
4,饮食,名词,蔬菜,shūcài
4,饮食,名词,水果,shuǐguǒ
4,饮食,名词,苹果,píngguǒ
4,饮食,名词,香蕉,xiāngjiāo
4,饮食,名词,橘子,júzi
4,饮食,名词,西瓜,xīguā
4,饮食,名词,葡萄,pútao
4,饮食,名词,汤,tāng
4,饮食,名词,粥,zhōu
4,饮食,名词,包子,bāozi
4,饮食,名词,饺子,jiǎozi
4,饮食,名词,馒头,mántou
4,饮食,名词,面包,miànbāo
4,饮食,名词,蛋糕,dàngāo
4,饮食,名词,糖,táng
4,饮食,名词,盐,yán
4,饮食,名词,油,yóu
4,饮食,名词,酱油,jiàngyóu
4,饮食,名词,醋,cù
4,饮食,名词,水,shuǐ
4,饮食,名词,茶,chá
4,饮食,名词,咖啡,kāfēi
4,饮食,名词,牛奶,niúnǎi
4,饮食,名词,果汁,guǒzhī
4,饮食,名词,酒,jiǔ
4,饮食,名词,啤酒,píjiǔ
4,饮食,名词,饮料,yǐnliào
4,饮食,名词,味道,wèidào
4,饮食,名词,早餐,zǎocān
4,饮食,名词,午餐,wǔcān
4,饮食,名词,晚餐,wǎncān
4,饮食,名词,零食,língshí
4,饮食,名词,餐厅,cāntīng
4,饮食,名词,饭店,fàndiàn
4,饮食,名词,食堂,shítáng
4,饮食,名词,厨房,chúfáng
4,饮食,名词,外卖,wàimài
4,饮食,动词,吃,chī
4,饮食,动词,喝,hē
4,饮食,动词,尝,cháng
4,饮食,动词,做饭,zuòfàn
4,饮食,动词,煮,zhǔ
4,饮食,动词,炒,chǎo
4,饮食,动词,蒸,zhēng
4,饮食,动词,烤,kǎo
4,饮食,动词,切,qiē
4,饮食,动词,点,diǎn
4,饮食,动词,请客,qǐngkè
4,饮食,量词,杯,bēi
4,饮食,量词,碗,wǎn
4,饮食,量词,盘,pán
4,饮食,量词,瓶,píng
4,饮食,量词,份,fèn
4,饮食,量词,片,piàn
4,饮食,量词,口,kǒu
4,饮食,量词,顿,dùn
4,饮食,形容词,甜,tián
4,饮食,形容词,咸,xián
4,饮食,形容词,辣,là
4,饮食,形容词,酸,suān
4,饮食,形容词,苦,kǔ
4,饮食,形容词,香,xiāng
4,饮食,形容词,好吃,hǎochī
4,饮食,形容词,新鲜,xīnxiān
4,饮食,形容词,烫,tàng
5,居家·物品,名词,家,jiā
5,居家·物品,名词,房子,fángzi
5,居家·物品,名词,房间,fángjiān
5,居家·物品,名词,屋子,wūzi
5,居家·物品,名词,门,mén
5,居家·物品,名词,窗户,chuānghu
5,居家·物品,名词,墙,qiáng
5,居家·物品,名词,楼,lóu
5,居家·物品,名词,楼梯,lóutī
5,居家·物品,名词,客厅,kètīng
5,居家·物品,名词,卧室,wòshì
5,居家·物品,名词,厕所,cèsuǒ
5,居家·物品,名词,卫生间,wèishēngjiān
5,居家·物品,名词,床,chuáng
5,居家·物品,名词,桌子,zhuōzi
5,居家·物品,名词,椅子,yǐzi
5,居家·物品,名词,沙发,shāfā
5,居家·物品,名词,柜子,guìzi
5,居家·物品,名词,灯,dēng
5,居家·物品,名词,电视,diànshì
5,居家·物品,名词,冰箱,bīngxiāng
5,居家·物品,名词,空调,kōngtiáo
5,居家·物品,名词,洗衣机,xǐyījī
5,居家·物品,名词,钟,zhōng
5,居家·物品,名词,表,biǎo
5,居家·物品,名词,镜子,jìngzi
5,居家·物品,名词,毛巾,máojīn
5,居家·物品,名词,牙刷,yáshuā
5,居家·物品,名词,肥皂,féizào
5,居家·物品,名词,被子,bèizi
5,居家·物品,名词,枕头,zhěntou
5,居家·物品,名词,刀,dāo
5,居家·物品,名词,勺子,sháozi
5,居家·物品,名词,筷子,kuàizi
5,居家·物品,名词,盘子,pánzi
5,居家·物品,名词,杯子,bēizi
5,居家·物品,名词,瓶子,píngzi
5,居家·物品,名词,锅,guō
5,居家·物品,名词,垃圾,lājī
5,居家·物品,名词,纸,zhǐ
5,居家·物品,名词,笔,bǐ
5,居家·物品,名词,书,shū
5,居家·物品,名词,钥匙,yàoshi
5,居家·物品,名词,锁,suǒ
5,居家·物品,名词,电脑,diànnǎo
5,居家·物品,名词,手机,shǒujī
5,居家·物品,名词,充电器,chōngdiànqì
5,居家·物品,名词,插座,chāzuò
5,居家·物品,动词,用,yòng
5,居家·物品,动词,放,fàng
5,居家·物品,动词,拿,ná
5,居家·物品,动词,收拾,shōushi
5,居家·物品,动词,打扫,dǎsǎo
5,居家·物品,动词,扫,sǎo
5,居家·物品,动词,擦,cā
5,居家·物品,动词,洗,xǐ
5,居家·物品,动词,修,xiū
5,居家·物品,动词,开,kāi
5,居家·物品,动词,关,guān
5,居家·物品,动词,搬,bān
5,居家·物品,动词,丢,diū
5,居家·物品,动词,找,zhǎo
5,居家·物品,量词,张,zhāng
5,居家·物品,量词,把,bǎ
5,居家·物品,量词,件,jiàn
5,居家·物品,量词,台,tái
5,居家·物品,量词,部,bù
5,居家·物品,量词,间,jiān
5,居家·物品,形容词,干净,gānjìng
5,居家·物品,形容词,脏,zāng
5,居家·物品,形容词,乱,luàn
5,居家·物品,形容词,整齐,zhěngqí
5,居家·物品,形容词,新,xīn
5,居家·物品,形容词,旧,jiù
5,居家·物品,形容词,空,kōng
5,居家·物品,形容词,满,mǎn
5,居家·物品,形容词,亮,liàng
5,居家·物品,形容词,暗,àn
5,居家·物品,形容词,软,ruǎn
5,居家·物品,形容词,硬,yìng
6,衣着·外貌,名词,衣服,yīfu
6,衣着·外貌,名词,裤子,kùzi
6,衣着·外貌,名词,裙子,qúnzi
6,衣着·外貌,名词,鞋,xié
6,衣着·外貌,名词,袜子,wàzi
6,衣着·外貌,名词,帽子,màozi
6,衣着·外貌,名词,手套,shǒutào
6,衣着·外貌,名词,围巾,wéijīn
6,衣着·外貌,名词,外套,wàitào
6,衣着·外貌,名词,毛衣,máoyī
6,衣着·外貌,名词,衬衫,chènshān
6,衣着·外貌,名词,包,bāo
6,衣着·外貌,名词,书包,shūbāo
6,衣着·外貌,名词,钱包,qiánbāo
6,衣着·外貌,名词,伞,sǎn
6,衣着·外貌,名词,颜色,yánsè
6,衣着·外貌,名词,造型,zàoxíng
6,衣着·外貌,动词,穿,chuān
6,衣着·外貌,动词,戴,dài
6,衣着·外貌,动词,脱,tuō
6,衣着·外貌,动词,换,huàn
6,衣着·外貌,动词,试,shì
6,衣着·外貌,动词,化妆,huàzhuāng
6,衣着·外貌,量词,套,tào
6,衣着·外貌,量词,双,shuāng
6,衣着·外貌,形容词,漂亮,piàoliang
6,衣着·外貌,形容词,美,měi
6,衣着·外貌,形容词,丑,chǒu
6,衣着·外貌,形容词,好看,hǎokàn
6,衣着·外貌,形容词,长,cháng
6,衣着·外貌,形容词,短,duǎn
6,衣着·外貌,形容词,大,dà
6,衣着·外貌,形容词,小,xiǎo
6,衣着·外貌,形容词,宽,kuān
6,衣着·外貌,形容词,窄,zhǎi
6,衣着·外貌,形容词,厚,hòu
6,衣着·外貌,形容词,薄,báo
6,衣着·外貌,名词,红色,hóngsè
6,衣着·外貌,名词,黄色,huángsè
6,衣着·外貌,名词,蓝色,lánsè
6,衣着·外貌,名词,绿色,lǜsè
6,衣着·外貌,名词,黑色,hēisè
6,衣着·外貌,名词,白色,báisè
6,衣着·外貌,名词,灰色,huīsè
6,衣着·外貌,名词,紫色,zǐsè
6,衣着·外貌,名词,粉色,fěnsè
7,时间·日期,名词,年,nián
7,时间·日期,名词,月,yuè
7,时间·日期,名词,日,rì
7,时间·日期,名词,天,tiān
7,时间·日期,名词,星期,xīngqī
7,时间·日期,名词,周,zhōu
7,时间·日期,名词,小时,xiǎoshí
7,时间·日期,名词,分钟,fēnzhōng
7,时间·日期,名词,秒,miǎo
7,时间·日期,名词,岁,suì
7,时间·日期,名词,点,diǎn
7,时间·日期,名词,早上,zǎoshang
7,时间·日期,名词,上午,shàngwǔ
7,时间·日期,名词,中午,zhōngwǔ
7,时间·日期,名词,下午,xiàwǔ
7,时间·日期,名词,晚上,wǎnshang
7,时间·日期,名词,夜,yè
7,时间·日期,名词,白天,báitiān
7,时间·日期,名词,今天,jīntiān
7,时间·日期,名词,明天,míngtiān
7,时间·日期,名词,昨天,zuótiān
7,时间·日期,名词,后天,hòutiān
7,时间·日期,名词,前天,qiántiān
7,时间·日期,名词,现在,xiànzài
7,时间·日期,名词,刚才,gāngcái
7,时间·日期,名词,以前,yǐqián
7,时间·日期,名词,以后,yǐhòu
7,时间·日期,名词,最近,zuìjìn
7,时间·日期,名词,时候,shíhou
7,时间·日期,名词,时间,shíjiān
7,时间·日期,名词,日子,rìzi
7,时间·日期,名词,季节,jìjié
7,时间·日期,名词,春,chūn
7,时间·日期,名词,夏,xià
7,时间·日期,名词,秋,qiū
7,时间·日期,名词,冬,dōng
7,时间·日期,名词,周末,zhōumò
7,时间·日期,名词,假期,jiàqī
7,时间·日期,名词,生日,shēngrì
7,时间·日期,名词,节日,jiérì
7,时间·日期,名词,平时,píngshí
7,时间·日期,名词,当时,dāngshí
7,时间·日期,名词,未来,wèilái
7,时间·日期,名词,过去,guòqù
7,时间·日期,动词,等,děng
7,时间·日期,动词,迟到,chídào
7,时间·日期,动词,开始,kāishǐ
7,时间·日期,动词,结束,jiéshù
7,时间·日期,动词,起床,qǐchuáng
7,时间·日期,动词,出发,chūfā
7,时间·日期,动词,来得及,láidejí
7,时间·日期,形容词,早,zǎo
7,时间·日期,形容词,晚,wǎn
7,时间·日期,形容词,快,kuài
7,时间·日期,形容词,慢,màn
7,时间·日期,形容词,忙,máng
7,时间·日期,形容词,闲,xián
7,时间·日期,形容词,久,jiǔ
8,学习·工作·数字生活,名词,学校,xuéxiào
8,学习·工作·数字生活,名词,教室,jiàoshì
8,学习·工作·数字生活,名词,办公室,bàngōngshì
8,学习·工作·数字生活,名词,图书馆,túshūguǎn
8,学习·工作·数字生活,名词,课,kè
8,学习·工作·数字生活,名词,作业,zuòyè
8,学习·工作·数字生活,名词,考试,kǎoshì
8,学习·工作·数字生活,名词,成绩,chéngjì
8,学习·工作·数字生活,名词,字,zì
8,学习·工作·数字生活,名词,词,cí
8,学习·工作·数字生活,名词,句子,jùzi
8,学习·工作·数字生活,名词,文章,wénzhāng
8,学习·工作·数字生活,名词,知识,zhīshi
8,学习·工作·数字生活,名词,专业,zhuānyè
8,学习·工作·数字生活,名词,笔记,bǐjì
8,学习·工作·数字生活,名词,公司,gōngsī
8,学习·工作·数字生活,名词,单位,dānwèi
8,学习·工作·数字生活,名词,工作,gōngzuò
8,学习·工作·数字生活,名词,工作室,gōngzuòshì
8,学习·工作·数字生活,名词,项目,xiàngmù
8,学习·工作·数字生活,名词,会议,huìyì
8,学习·工作·数字生活,名词,任务,rènwu
8,学习·工作·数字生活,名词,计划,jìhuà
8,学习·工作·数字生活,名词,经验,jīngyàn
8,学习·工作·数字生活,名词,技术,jìshù
8,学习·工作·数字生活,名词,能力,nénglì
8,学习·工作·数字生活,名词,面试,miànshì
8,学习·工作·数字生活,名词,简历,jiǎnlì
8,学习·工作·数字生活,名词,实习,shíxí
8,学习·工作·数字生活,名词,培训,péixùn
8,学习·工作·数字生活,名词,收入,shōurù
8,学习·工作·数字生活,名词,创业,chuàngyè
8,学习·工作·数字生活,名词,同行,tóngháng
8,学习·工作·数字生活,名词,网络,wǎngluò
8,学习·工作·数字生活,名词,网上,wǎngshàng
8,学习·工作·数字生活,名词,网站,wǎngzhàn
8,学习·工作·数字生活,名词,软件,ruǎnjiàn
8,学习·工作·数字生活,名词,视频,shìpín
8,学习·工作·数字生活,名词,邮件,yóujiàn
8,学习·工作·数字生活,名词,文件,wénjiàn
8,学习·工作·数字生活,名词,消息,xiāoxi
8,学习·工作·数字生活,名词,密码,mìmǎ
8,学习·工作·数字生活,名词,账号,zhànghào
8,学习·工作·数字生活,名词,流量,liúliàng
8,学习·工作·数字生活,名词,平板,píngbǎn
8,学习·工作·数字生活,名词,耳机,ěrjī
8,学习·工作·数字生活,名词,微信,wēixìn
8,学习·工作·数字生活,名词,APP,ēipìpì
8,学习·工作·数字生活,名词,表情包,biǎoqíngbāo
8,学习·工作·数字生活,名词,直播,zhíbō
8,学习·工作·数字生活,名词,博主,bózhǔ
8,学习·工作·数字生活,名词,粉丝,fěnsī
8,学习·工作·数字生活,名词,视频通话,shìpín tōnghuà
8,学习·工作·数字生活,名词,点赞,diǎnzàn
8,学习·工作·数字生活,名词,关注,guānzhù
8,学习·工作·数字生活,名词,分享,fēnxiǎng
8,学习·工作·数字生活,动词,学,xué
8,学习·工作·数字生活,动词,教,jiāo
8,学习·工作·数字生活,动词,读,dú
8,学习·工作·数字生活,动词,写,xiě
8,学习·工作·数字生活,动词,问,wèn
8,学习·工作·数字生活,动词,答,dá
8,学习·工作·数字生活,动词,考,kǎo
8,学习·工作·数字生活,动词,记,jì
8,学习·工作·数字生活,动词,算,suàn
8,学习·工作·数字生活,动词,查,chá
8,学习·工作·数字生活,动词,练,liàn
8,学习·工作·数字生活,动词,复习,fùxí
8,学习·工作·数字生活,动词,上课,shàngkè
8,学习·工作·数字生活,动词,上班,shàngbān
8,学习·工作·数字生活,动词,下班,xiàbān
8,学习·工作·数字生活,动词,毕业,bìyè
8,学习·工作·数字生活,动词,努力,nǔlì
8,学习·工作·数字生活,动词,完成,wánchéng
8,学习·工作·数字生活,动词,负责,fùzé
8,学习·工作·数字生活,动词,参加,cānjiā
8,学习·工作·数字生活,动词,上网,shàngwǎng
8,学习·工作·数字生活,动词,注册,zhùcè
8,学习·工作·数字生活,动词,下载,xiàzài
8,学习·工作·数字生活,动词,打印,dǎyìn
8,学习·工作·数字生活,量词,本,běn
8,学习·工作·数字生活,量词,节,jié
8,学习·工作·数字生活,量词,门,mén
8,学习·工作·数字生活,形容词,难,nán
8,学习·工作·数字生活,形容词,容易,róngyì
8,学习·工作·数字生活,形容词,简单,jiǎndān
8,学习·工作·数字生活,形容词,复杂,fùzá
8,学习·工作·数字生活,形容词,重要,zhòngyào
8,学习·工作·数字生活,形容词,认真,rènzhēn
8,学习·工作·数字生活,形容词,聪明,cōngming
8,学习·工作·数字生活,形容词,清楚,qīngchu
9,出行·交通·方位,名词,车,chē
9,出行·交通·方位,名词,汽车,qìchē
9,出行·交通·方位,名词,出租车,chūzūchē
9,出行·交通·方位,名词,网约车,wǎngyuēchē
9,出行·交通·方位,名词,公交车,gōngjiāochē
9,出行·交通·方位,名词,火车,huǒchē
9,出行·交通·方位,名词,高铁,gāotiě
9,出行·交通·方位,名词,飞机,fēijī
9,出行·交通·方位,名词,自行车,zìxíngchē
9,出行·交通·方位,名词,共享单车,gòngxiǎng dānchē
9,出行·交通·方位,名词,电动车,diàndòngchē
9,出行·交通·方位,名词,摩托车,mótuōchē
9,出行·交通·方位,名词,地铁,dìtiě
9,出行·交通·方位,名词,船,chuán
9,出行·交通·方位,名词,票,piào
9,出行·交通·方位,名词,车站,chēzhàn
9,出行·交通·方位,名词,机场,jīchǎng
9,出行·交通·方位,名词,路,lù
9,出行·交通·方位,名词,马路,mǎlù
9,出行·交通·方位,名词,桥,qiáo
9,出行·交通·方位,名词,酒店,jiǔdiàn
9,出行·交通·方位,名词,地图,dìtú
9,出行·交通·方位,名词,导航,dǎoháng
9,出行·交通·方位,名词,城市,chéngshì
9,出行·交通·方位,名词,农村,nóngcūn
9,出行·交通·方位,名词,村,cūn
9,出行·交通·方位,名词,街,jiē
9,出行·交通·方位,名词,公园,gōngyuán
9,出行·交通·方位,名词,广场,guǎngchǎng
9,出行·交通·方位,名词,方向,fāngxiàng
9,出行·交通·方位,名词,红绿灯,hónglǜdēng
9,出行·交通·方位,名词,停车场,tíngchēchǎng
9,出行·交通·方位,名词,加油站,jiāyóuzhàn
9,出行·交通·方位,方位词,上,shàng
9,出行·交通·方位,方位词,下,xià
9,出行·交通·方位,方位词,前,qián
9,出行·交通·方位,方位词,后,hòu
9,出行·交通·方位,方位词,左,zuǒ
9,出行·交通·方位,方位词,右,yòu
9,出行·交通·方位,方位词,里,lǐ
9,出行·交通·方位,方位词,外,wài
9,出行·交通·方位,方位词,中,zhōng
9,出行·交通·方位,方位词,旁边,pángbiān
9,出行·交通·方位,方位词,对面,duìmiàn
9,出行·交通·方位,方位词,附近,fùjìn
9,出行·交通·方位,方位词,东,dōng
9,出行·交通·方位,方位词,南,nán
9,出行·交通·方位,方位词,西,xī
9,出行·交通·方位,方位词,北,běi
9,出行·交通·方位,动词,走,zǒu
9,出行·交通·方位,动词,跑,pǎo
9,出行·交通·方位,动词,来,lái
9,出行·交通·方位,动词,去,qù
9,出行·交通·方位,动词,到,dào
9,出行·交通·方位,动词,回,huí
9,出行·交通·方位,动词,进,jìn
9,出行·交通·方位,动词,出,chū
9,出行·交通·方位,动词,坐,zuò
9,出行·交通·方位,动词,骑,qí
9,出行·交通·方位,动词,开车,kāichē
9,出行·交通·方位,动词,停,tíng
9,出行·交通·方位,动词,离开,líkāi
9,出行·交通·方位,动词,带,dài
9,出行·交通·方位,动词,打车,dǎchē
9,出行·交通·方位,量词,辆,liàng
9,出行·交通·方位,量词,趟,tàng
9,出行·交通·方位,量词,班,bān
10,购物·金钱,名词,商店,shāngdiàn
10,购物·金钱,名词,超市,chāoshì
10,购物·金钱,名词,市场,shìchǎng
10,购物·金钱,名词,银行,yínháng
10,购物·金钱,名词,钱,qián
10,购物·金钱,名词,价格,jiàgé
10,购物·金钱,名词,工资,gōngzī
10,购物·金钱,名词,生意,shēngyi
10,购物·金钱,名词,产品,chǎnpǐn
10,购物·金钱,名词,顾客,gùkè
10,购物·金钱,名词,快递,kuàidì
10,购物·金钱,名词,网购,wǎnggòu
10,购物·金钱,名词,现金,xiànjīn
10,购物·金钱,名词,银行卡,yínhángkǎ
10,购物·金钱,名词,红包,hóngbāo
10,购物·金钱,名词,余额,yú'é
10,购物·金钱,名词,优惠,yōuhuì
10,购物·金钱,名词,订单,dìngdān
10,购物·金钱,名词,发票,fāpiào
10,购物·金钱,名词,网店,wǎngdiàn
10,购物·金钱,名词,店员,diànyuán
10,购物·金钱,量词,元,yuán
10,购物·金钱,量词,块,kuài
10,购物·金钱,量词,毛,máo
10,购物·金钱,量词,斤,jīn
10,购物·金钱,量词,公斤,gōngjīn
10,购物·金钱,量词,米,mǐ
10,购物·金钱,动词,买,mǎi
10,购物·金钱,动词,卖,mài
10,购物·金钱,动词,付,fù
10,购物·金钱,动词,花,huā
10,购物·金钱,动词,省,shěng
10,购物·金钱,动词,存,cún
10,购物·金钱,动词,借,jiè
10,购物·金钱,动词,还,huán
10,购物·金钱,动词,退,tuì
10,购物·金钱,动词,挑,tiāo
10,购物·金钱,动词,选,xuǎn
10,购物·金钱,动词,打折,dǎzhé
10,购物·金钱,动词,扫码,sǎomǎ
10,购物·金钱,动词,付款,fùkuǎn
10,购物·金钱,动词,下单,xiàdān
10,购物·金钱,动词,转账,zhuǎnzhàng
10,购物·金钱,动词,刷卡,shuākǎ
10,购物·金钱,动词,支付,zhīfù
10,购物·金钱,形容词,贵,guì
10,购物·金钱,形容词,便宜,piányi
10,购物·金钱,形容词,值,zhí
10,购物·金钱,形容词,富,fù
10,购物·金钱,形容词,穷,qióng
10,购物·金钱,形容词,免费,miǎnfèi
10,购物·金钱,短语,多少钱,duōshao qián
11,自然·天气·动物,名词,阳光,yángguāng
11,自然·天气·动物,名词,天空,tiānkōng
11,自然·天气·动物,名词,太阳,tàiyáng
11,自然·天气·动物,名词,月亮,yuèliang
11,自然·天气·动物,名词,星星,xīngxing
11,自然·天气·动物,名词,云,yún
11,自然·天气·动物,名词,风,fēng
11,自然·天气·动物,名词,雨,yǔ
11,自然·天气·动物,名词,雪,xuě
11,自然·天气·动物,名词,雷,léi
11,自然·天气·动物,名词,天气,tiānqì
11,自然·天气·动物,名词,气温,qìwēn
11,自然·天气·动物,名词,温度,wēndù
11,自然·天气·动物,名词,空气,kōngqì
11,自然·天气·动物,名词,火,huǒ
11,自然·天气·动物,名词,光,guāng
11,自然·天气·动物,名词,河,hé
11,自然·天气·动物,名词,海,hǎi
11,自然·天气·动物,名词,湖,hú
11,自然·天气·动物,名词,山,shān
11,自然·天气·动物,名词,石头,shítou
11,自然·天气·动物,名词,土,tǔ
11,自然·天气·动物,名词,树,shù
11,自然·天气·动物,名词,草,cǎo
11,自然·天气·动物,名词,花,huā
11,自然·天气·动物,名词,叶子,yèzi
11,自然·天气·动物,名词,森林,sēnlín
11,自然·天气·动物,名词,地,dì
11,自然·天气·动物,名词,环境,huánjìng
11,自然·天气·动物,名词,地球,dìqiú
11,自然·天气·动物,名词,世界,shìjiè
11,自然·天气·动物,名词,狗,gǒu
11,自然·天气·动物,名词,猫,māo
11,自然·天气·动物,名词,鸟,niǎo
11,自然·天气·动物,名词,猪,zhū
11,自然·天气·动物,名词,牛,niú
11,自然·天气·动物,名词,羊,yáng
11,自然·天气·动物,名词,马,mǎ
11,自然·天气·动物,名词,兔子,tùzi
11,自然·天气·动物,名词,老鼠,lǎoshǔ
11,自然·天气·动物,名词,虫,chóng
11,自然·天气·动物,名词,蛇,shé
11,自然·天气·动物,名词,宠物,chǒngwù
11,自然·天气·动物,动词,下,xià
11,自然·天气·动物,动词,刮,guā
11,自然·天气·动物,动词,流,liú
11,自然·天气·动物,动词,吹,chuī
11,自然·天气·动物,形容词,冷,lěng
11,自然·天气·动物,形容词,热,rè
11,自然·天气·动物,形容词,暖,nuǎn
11,自然·天气·动物,形容词,凉,liáng
11,自然·天气·动物,形容词,晴,qíng
11,自然·天气·动物,形容词,阴,yīn
11,自然·天气·动物,形容词,干,gān
11,自然·天气·动物,形容词,湿,shī
11,自然·天气·动物,量词,只,zhī
11,自然·天气·动物,量词,条,tiáo
11,自然·天气·动物,量词,头,tóu
11,自然·天气·动物,量词,棵,kē
11,自然·天气·动物,量词,朵,duǒ
11,自然·天气·动物,量词,座,zuò
12,情感·沟通·社会,名词,心情,xīnqíng
12,情感·沟通·社会,名词,感情,gǎnqíng
12,情感·沟通·社会,名词,爱情,àiqíng
12,情感·沟通·社会,名词,友谊,yǒuyì
12,情感·沟通·社会,名词,脾气,píqi
12,情感·沟通·社会,名词,性格,xìnggé
12,情感·沟通·社会,名词,习惯,xíguàn
12,情感·沟通·社会,名词,态度,tàidù
12,情感·沟通·社会,名词,想法,xiǎngfǎ
12,情感·沟通·社会,名词,意思,yìsi
12,情感·沟通·社会,名词,新闻,xīnwén
12,情感·沟通·社会,名词,原因,yuányīn
12,情感·沟通·社会,名词,结果,jiéguǒ
12,情感·沟通·社会,名词,希望,xīwàng
12,情感·沟通·社会,名词,梦,mèng
12,情感·沟通·社会,名词,关系,guānxi
12,情感·沟通·社会,名词,社会,shèhuì
12,情感·沟通·社会,名词,政府,zhèngfǔ
12,情感·沟通·社会,名词,人民,rénmín
12,情感·沟通·社会,名词,声音,shēngyīn
12,情感·沟通·社会,名词,机会,jīhuì
12,情感·沟通·社会,名词,办法,bànfǎ
12,情感·沟通·社会,名词,信心,xìnxīn
12,情感·沟通·社会,名词,压力,yālì
12,情感·沟通·社会,名词,感觉,gǎnjué
12,情感·沟通·社会,名词,印象,yìnxiàng
12,情感·沟通·社会,名词,误会,wùhuì
12,情感·沟通·社会,动词,说,shuō
12,情感·沟通·社会,动词,讲,jiǎng
12,情感·沟通·社会,动词,谈,tán
12,情感·沟通·社会,动词,聊,liáo
12,情感·沟通·社会,动词,告诉,gàosu
12,情感·沟通·社会,动词,回答,huídá
12,情感·沟通·社会,动词,解释,jiěshì
12,情感·沟通·社会,动词,介绍,jièshào
12,情感·沟通·社会,动词,商量,shāngliang
12,情感·沟通·社会,动词,讨论,tǎolùn
12,情感·沟通·社会,动词,决定,juédìng
12,情感·沟通·社会,动词,想,xiǎng
12,情感·沟通·社会,动词,觉得,juéde
12,情感·沟通·社会,动词,知道,zhīdào
12,情感·沟通·社会,动词,明白,míngbai
12,情感·沟通·社会,动词,懂,dǒng
12,情感·沟通·社会,动词,了解,liǎojiě
12,情感·沟通·社会,动词,相信,xiāngxìn
12,情感·沟通·社会,动词,记得,jìde
12,情感·沟通·社会,动词,忘,wàng
12,情感·沟通·社会,动词,担心,dānxīn
12,情感·沟通·社会,动词,害怕,hàipà
12,情感·沟通·社会,动词,怕,pà
12,情感·沟通·社会,动词,生气,shēngqì
12,情感·沟通·社会,动词,哭,kū
12,情感·沟通·社会,动词,笑,xiào
12,情感·沟通·社会,动词,感谢,gǎnxiè
12,情感·沟通·社会,动词,道歉,dàoqiàn
12,情感·沟通·社会,动词,同意,tóngyì
12,情感·沟通·社会,动词,反对,fǎnduì
12,情感·沟通·社会,动词,骂,mà
12,情感·沟通·社会,动词,夸,kuā
12,情感·沟通·社会,动词,劝,quàn
12,情感·沟通·社会,动词,祝,zhù
12,情感·沟通·社会,形容词,高兴,gāoxìng
12,情感·沟通·社会,形容词,开心,kāixīn
12,情感·沟通·社会,形容词,快乐,kuàilè
12,情感·沟通·社会,形容词,难过,nánguò
12,情感·沟通·社会,形容词,伤心,shāngxīn
12,情感·沟通·社会,形容词,紧张,jǐnzhāng
12,情感·沟通·社会,形容词,奇怪,qíguài
12,情感·沟通·社会,形容词,特别,tèbié
12,情感·沟通·社会,形容词,普通,pǔtōng
12,情感·沟通·社会,形容词,安静,ānjìng
12,情感·沟通·社会,形容词,热闹,rènao
